station_key,station_name,province,mgm_station_no,latitude,longitude,elevation_m,elevation_source,anemometer_height_m,height_source,sensor_type,sampling_interval,qc_rules,relocation_date,role,coordinate_source,data_product,notes
sarkoy,Şarköy,Tekirdağ,18107,40.60681,27.07517,4,Copernicus DEM GLO-90 via Open-Meteo (estimate at station coordinates),10,assumed WMO standard (10 m above ground),,,,,target,"MGM station list (istanbul.mgm.gov.tr), location read from the linked map",MGM daily values,
ganos,Ganos,Tekirdağ,18806,40.76528,27.21806,725,Copernicus DEM GLO-90 via Open-Meteo (estimate at station coordinates),10,assumed WMO standard (10 m above ground),,,,,near-site,"MGM station list (istanbul.mgm.gov.tr), location read from the linked map",MGM daily values,"Işıklar/Ganos range, Şarköy district"
tekirdag,Tekirdağ,Tekirdağ,17056,40.95797,27.49619,4,Copernicus DEM GLO-90 via Open-Meteo (estimate at station coordinates),10,assumed WMO standard (10 m above ground),,,,,regional,"MGM station list (istanbul.mgm.gov.tr), location read from the linked map",MGM daily values,
marmara,Marmara Ereğlisi,Tekirdağ,17451,40.9995,27.95186,49,Copernicus DEM GLO-90 via Open-Meteo (estimate at station coordinates),10,assumed WMO standard (10 m above ground),,,,,regional,"MGM station list (istanbul.mgm.gov.tr), location read from the linked map",MGM daily values,Marmaraereğlisi district
corlu,Çorlu,Tekirdağ,17054,41.17978,27.81603,145,Copernicus DEM GLO-90 via Open-Meteo (estimate at station coordinates),10,assumed WMO standard (10 m above ground),,,,,regional,"MGM station list (istanbul.mgm.gov.tr), location read from the linked map",MGM daily values,
cerkezkoy,Çerkezköy,Tekirdağ,17640,41.26019,27.92361,139,Copernicus DEM GLO-90 via Open-Meteo (estimate at station coordinates),10,assumed WMO standard (10 m above ground),,,,,regional,"MGM station list (istanbul.mgm.gov.tr), location read from the linked map",MGM daily values,
saray,Saray,Tekirdağ,18423,41.44675,27.93411,155,Copernicus DEM GLO-90 via Open-Meteo (estimate at station coordinates),10,assumed WMO standard (10 m above ground),,,,,regional,"MGM station list (istanbul.mgm.gov.tr), location read from the linked map",MGM daily values,
muratli,Muratlı,Tekirdağ,18422,41.15336,27.49456,115,Copernicus DEM GLO-90 via Open-Meteo (estimate at station coordinates),10,assumed WMO standard (10 m above ground),,,,,regional,"MGM station list (istanbul.mgm.gov.tr), location read from the linked map",MGM daily values,
hayrabolu,Hayrabolu,Tekirdağ,18108,41.217,27.08547,108,Copernicus DEM GLO-90 via Open-Meteo (estimate at station coordinates),10,assumed WMO standard (10 m above ground),,,,,regional,"MGM station list (istanbul.mgm.gov.tr), location read from the linked map",MGM daily values,
malkara,Malkara,Tekirdağ,17634,40.88708,26.90783,203,Copernicus DEM GLO-90 via Open-Meteo (estimate at station coordinates),10,assumed WMO standard (10 m above ground),,,,,regional,"MGM station list (istanbul.mgm.gov.tr), location read from the linked map",MGM daily values,
kesan,Keşan,Edirne,18393,40.83778,26.62778,87,Copernicus DEM GLO-90 via Open-Meteo (estimate at station coordinates),10,assumed WMO standard (10 m above ground),,,,,regional,"MGM station list (istanbul.mgm.gov.tr), location read from the linked map",MGM daily values,
ipsala,İpsala,Edirne,17632,40.88936,26.39097,78,Copernicus DEM GLO-90 via Open-Meteo (estimate at station coordinates),10,assumed WMO standard (10 m above ground),,,,,regional,"MGM station list (istanbul.mgm.gov.tr), location read from the linked map",MGM daily values,
enez,Enez,Edirne,18097,40.64833,26.23333,57,Copernicus DEM GLO-90 via Open-Meteo (estimate at station coordinates),10,assumed WMO standard (10 m above ground),,,,,regional,"MGM station list (istanbul.mgm.gov.tr), location read from the linked map",MGM daily values,
meric,Meriç,Edirne,18394,41.1975,26.42422,47,Copernicus DEM GLO-90 via Open-Meteo (estimate at station coordinates),10,assumed WMO standard (10 m above ground),,,,,regional,"MGM station list (istanbul.mgm.gov.tr), location read from the linked map",MGM daily values,
uzunkopru,Uzunköprü,Edirne,17608,41.27256,26.70561,37,Copernicus DEM GLO-90 via Open-Meteo (estimate at station coordinates),10,assumed WMO standard (10 m above ground),,,,,regional,"MGM station list (istanbul.mgm.gov.tr), location read from the linked map",MGM daily values,
edirne,Edirne,Edirne,17050,41.67658,26.55075,51,Copernicus DEM GLO-90 via Open-Meteo (estimate at station coordinates),10,assumed WMO standard (10 m above ground),,,,,regional,"MGM station list (istanbul.mgm.gov.tr), location read from the linked map",MGM daily values,
havsa,Havsa,Edirne,18098,41.53611,26.85472,124,Copernicus DEM GLO-90 via Open-Meteo (estimate at station coordinates),10,assumed WMO standard (10 m above ground),,,,,regional,"MGM station list (istanbul.mgm.gov.tr), location read from the linked map",MGM daily values,
lalapasa,Lalapaşa,Edirne,18096,41.83031,26.73653,175,Copernicus DEM GLO-90 via Open-Meteo (estimate at station coordinates),10,assumed WMO standard (10 m above ground),,,,,regional,"MGM station list (istanbul.mgm.gov.tr), location read from the linked map",MGM daily values,
hamzebeyli,Hamzabeyli,Edirne,19106,41.96628,26.63919,387,Copernicus DEM GLO-90 via Open-Meteo (estimate at station coordinates),10,assumed WMO standard (10 m above ground),,,,,"regional (dropped, >10% missing)","MGM station list (istanbul.mgm.gov.tr), location read from the linked map",MGM daily values,
havalimani,Havalimanı,Tekirdağ,17051,41.13086,27.90972,155,Copernicus DEM GLO-90 via Open-Meteo (estimate at station coordinates),10,assumed WMO standard (10 m above ground),,,,,"regional (dropped, >10% missing)","MGM station list (istanbul.mgm.gov.tr), location read from the linked map",MGM daily values,Çorlu Airport station (Tekirdağ)
kemal,Kemal,Edirne,19107,41.73489,26.40625,63,Copernicus DEM GLO-90 via Open-Meteo (estimate at station coordinates),10,assumed WMO standard (10 m above ground),,,,,"regional (dropped, >10% missing)","MGM station list (istanbul.mgm.gov.tr), location read from the linked map",MGM daily values,
