outer_year,model,RMSE,MAE,R2,MaxAE,n,RMSE_lo,RMSE_hi,skill_pct,skill_lo,skill_hi,DM,p
2020,persistence,1.40927838760498,1.0245901639344261,0.1888237524561336,7.299999999999999,366,1.2270945068954482,1.5656263204400875,0.0,0.0,0.0,,
2020,seasonal_naive,1.7960777233240792,1.3956284153005465,-0.3175645297466516,6.633333333333333,366,1.554435084568905,1.974685411676339,-27.446623684937887,-39.74260571782759,-15.776073990015927,4.532496199935915,7.912181288449796e-06
2020,moving_average_7d,1.542582087258088,1.1875097580015612,0.02810754679616667,5.9,366,1.3414439053883025,1.7396364272821572,-9.459004042462693,-20.92280340326528,-0.407481528489902,1.9211880243478947,0.05548656690952626
2020,persistence_2d,1.8780948956744623,1.412295081967213,-0.4406441055051662,8.399999999999999,366,1.6021542445289376,2.154803199754224,-33.26642288655401,-44.54144010845674,-22.772639179868758,4.586226202127306,6.2115193922903966e-06
2020,ElasticNetCV,1.2033105353109153,0.9262203761371228,0.4086057739260147,6.3988530269991415,366,1.0540846711181382,1.3369708974820376,14.61512885641424,8.721738626029738,20.818799124798183,-3.9011571130084657,0.00011396841523479227
2020,SVR,1.2432805497085948,0.9156242225757195,0.36866492094056935,6.957525299326343,366,1.0246699827654149,1.4611591957025225,11.778924544389891,1.9698296570573635,22.089619499632555,-2.411441797479809,0.01638267718469884
2020,RandomForest,1.0783374465458233,0.8345239985111271,0.5250684558518632,5.280562929395044,366,0.9500524100147791,1.1868037618428104,23.483006904092196,18.936093380741912,27.952772191125003,-5.508639264030046,6.838701950153634e-08
2020,LightGBM,1.0894786747643646,0.8303630073027571,0.5152039086771271,5.323614016522968,366,0.9451081126300327,1.2129577139707721,22.692444278813074,18.4027335281572,27.822122727838185,-5.7137113455335315,2.2971505330118263e-08
2020,CatBoost,1.0832752910781702,0.8257619943461735,0.5207089532135124,5.486134316579276,366,0.9399482894685028,1.2050905561252734,23.13262584554644,19.193232127509024,28.009279803248745,-5.99378616587577,4.924568403991833e-09
2020,XGBoost,1.0690209552822272,0.8192728491803278,0.5332395188477452,4.498975999999999,366,0.940620786093683,1.1766461279093627,24.144089295303004,18.80638193171534,28.907931602660412,-5.299666608078051,2.0120921797388275e-07
2020,XGBoost_reduced,1.0897353340615066,0.8633110762295082,0.5149754653248344,4.506690999999999,366,0.971106684595941,1.1755491038558779,22.67423217115575,16.28761682449808,28.413906850861217,-4.419557059101535,1.3059175049257643e-05
2020,XGBoost_selected,1.0690209552822272,0.8192728491803278,0.5332395188477452,4.498975999999999,366,0.940620786093683,1.1766461279093627,24.144089295303004,18.80638193171534,28.907931602660412,-5.299666608078051,2.0120921797388275e-07
2020,XGBoost_origin_t-1,1.4484135301816619,1.0985232010928963,0.1431460796987094,7.737504699999999,366,1.241712910304534,1.6288698088927616,-2.7769632260657096,-9.873389754314383,5.084845913364471,0.6998488694887279,0.48446748541145523
2021,persistence,1.3274491373010162,0.9743801652892562,0.05358065926426325,5.1000000000000005,363,1.1461905388883011,1.5193206812341953,0.0,0.0,0.0,,
2021,seasonal_naive,1.499048800538964,1.212809917355372,-0.2069224623296413,4.55,363,1.3360537983859129,1.6225430807401777,-12.927023598572362,-28.671846577155033,2.2315404910173693,1.8631791141611436,0.06324670507026559
2021,moving_average_7d,1.4050255557386244,1.1016922471467927,-0.06026951538492864,4.6,363,1.2603790849967877,1.558980003812656,-5.844021910725505,-17.390737594366307,3.534366655746044,1.1968026373811522,0.23216667939708316
2021,persistence_2d,1.6367339648291486,1.2743801652892561,-0.43881188729001774,5.1000000000000005,363,1.464383864258236,1.8201994412986064,-23.299184792644745,-35.148372586540724,-11.444884159159683,4.4975964786517695,9.269411179516373e-06
2021,ElasticNetCV,1.1225570545379688,0.8846012703739196,0.32319326062624076,3.7249471673545154,363,1.0075299480343372,1.233594031599469,15.43502323408309,7.126115667866044,22.094558152545105,-3.0057604047409363,0.002833951346750932
2021,SVR,1.0647266022661943,0.8300565850563307,0.3911307548290326,3.9349179535600487,363,0.9505590188232664,1.179693992509922,19.791533072897405,12.407500261262967,26.402237315772485,-3.6976453933717837,0.0002513248343440081
2021,RandomForest,1.0426984720697734,0.7945690673029907,0.41606393098309924,3.993608110726779,363,0.9118772457160176,1.1603452267129508,21.450966159818442,15.371341908112921,27.591198013584425,-4.208311077575987,3.248576492830856e-05
2021,LightGBM,1.0375041926772284,0.7811874770429357,0.4218672812280211,3.6978328133195144,363,0.9066889339184226,1.1555243775232893,21.84226396902159,15.117827790335044,28.58005358589278,-4.072661096925071,5.712973533587069e-05
2021,CatBoost,1.023399229314494,0.7807060053095669,0.43747996022086744,3.3598285539446,363,0.9013363812829235,1.1359614912453329,22.90482546131445,16.563310227351792,29.530607950826116,-4.223960448709531,3.040794499682075e-05
2021,XGBoost,1.0197467296335416,0.7669014404958677,0.4414880496897229,3.4361846,363,0.89827093928965,1.1303158800487267,23.179977222562243,16.151392807786802,29.91618876945951,-4.142149556883229,4.286388198757429e-05
2021,XGBoost_reduced,1.1030882223585579,0.8206752283746557,0.3464657948091733,4.9638937,363,0.9456029488126165,1.2318551922740684,16.901658122934293,10.898322789951376,24.647167601633093,-3.4293672854408226,0.0006747178791341029
2021,XGBoost_selected,1.0197467296335416,0.7669014404958677,0.4414880496897229,3.4361846,363,0.89827093928965,1.1303158800487267,23.179977222562243,16.151392807786802,29.91618876945951,-4.142149556883229,4.286388198757429e-05
2021,XGBoost_origin_t-1,1.336476546355161,1.0445475201101928,0.04066451002211813,5.1008867,363,1.1961236991956714,1.45653933176833,-0.6800568700130682,-12.97461801065912,10.674429658967808,0.11468283100527094,0.9087601053796815
2022,persistence,1.3832362291934899,1.0282191780821917,0.01621575454679547,4.9,365,1.2287692911435564,1.5405414009321488,0.0,0.0,0.0,,
2022,seasonal_naive,1.512116960315662,1.163351598173516,-0.17564965835133517,5.819999999999999,365,1.3292798145669118,1.683713267772361,-9.317333395563043,-18.495235239634155,0.5803772064210634,1.8813947081682996,0.06071609806151961
2022,moving_average_7d,1.4466726014821836,1.1240313111545988,-0.07608769599172116,5.271428571428571,365,1.2960201441501293,1.6001260432132491,-4.586083775847949,-12.300972784901944,2.7309964657439725,1.20667676263318,0.22834027528330866
2022,persistence_2d,1.815534186833628,1.3495890410958904,-0.6947904774041702,5.999999999999999,365,1.587830156934535,2.0511875927896557,-31.252648572702157,-40.63029643260309,-21.615607863534894,5.077932825574025,6.10420134410937e-07
2022,ElasticNetCV,1.1044506616679584,0.8759669675870184,0.37280903681043,3.9825133046325116,365,1.0072515407234244,1.198176109210402,20.15458832278275,14.419119575128855,25.15058660358776,-4.686708622422373,3.929613010072724e-06
2022,SVR,1.0310714924424818,0.7998581423325728,0.453381014632217,3.8916551908154564,365,0.9298885326576596,1.1373201871962382,25.459478960896032,19.560769711916045,30.705726969217796,-5.5925878466162,4.399807564905523e-08
2022,RandomForest,1.013609830914008,0.7844478973709232,0.471738718022945,3.4764961089302426,365,0.9152154151228691,1.1049209956941282,26.721856359632532,22.84246033636214,30.588845377526596,-6.17715602738746,1.7467503348828499e-09
2022,LightGBM,0.9885481828372843,0.7558656582916873,0.49753844616772,3.8558112227458667,365,0.8907884415014755,1.086573493350841,28.533668944337332,24.198706810073634,32.652598866313234,-6.289596208294338,9.130211382328697e-10
2022,CatBoost,0.9939193780057577,0.7696455313295483,0.49206344550940395,3.7841718778138076,365,0.8934809754002966,1.0944781876882226,28.145362518065863,24.188083443356533,32.06432171146262,-6.537023055201646,2.1231873859218282e-10
2022,XGBoost,0.9863442104584154,0.7635434071232876,0.49977642893092133,3.546005,365,0.890741597150344,1.0791037767665388,28.693003433440033,24.76607380664511,32.405158802396116,-6.394123669855759,4.955700456627136e-10
2022,XGBoost_reduced,1.092461211479664,0.8327707517808219,0.3863521670985416,3.9897456,365,0.99013655457979,1.1898844065422123,21.02135640875784,15.610910330299491,26.04983730569177,-4.8477113781330905,1.8529779872763148e-06
2022,XGBoost_selected,0.9863442104584154,0.7635434071232876,0.49977642893092133,3.546005,365,0.890741597150344,1.0791037767665388,28.693003433440033,24.76607380664511,32.405158802396116,-6.394123669855759,4.955700456627136e-10
2022,XGBoost_origin_t-1,1.3589413554509675,1.0595943709589042,0.0504702342791834,5.213966299999999,365,1.2119371631007465,1.491043331493026,1.7563792235754105,-3.690344118317528,8.200603324477589,-0.5374457990201317,0.5912881131040654
2023,persistence,1.360419699299359,0.9766483516483516,0.07097615897311471,6.3999999999999995,364,1.171365945080182,1.5690973890728273,0.0,0.0,0.0,,
2023,seasonal_naive,1.5071737408412338,1.1750274725274725,-0.1402699332136479,8.959999999999999,364,1.263321631922229,1.7311203515971867,-10.787409327978414,-21.531633878800363,4.090727649159545,1.5143234684702178,0.13081402291150193
2023,moving_average_7d,1.4230143091878584,1.0810047095761381,-0.01648171211274896,9.142857142857142,364,1.205913166071666,1.6700611372098086,-4.601124926427991,-14.983685066599474,5.660778911594363,0.8474441609351395,0.3973059886557455
2023,persistence_2d,1.7501177354429867,1.3115384615384615,-0.5375015665843432,9.899999999999999,364,1.4901814638470097,2.0325385272794927,-28.645427315138793,-36.057973140036964,-20.913423134924194,4.6989113712094674,3.718109181327462e-06
2023,ElasticNetCV,1.1469578289560913,0.8987575623819812,0.33964733406768677,6.71844663516039,364,1.0080748186421933,1.3177534170397207,15.690883515815335,8.23059462896863,23.095310524046663,-3.1820237212606255,0.0015885946307340106
2023,SVR,1.0697970164360047,0.7912531575096802,0.425508245397076,6.9994580160057875,364,0.8922223637510727,1.289840310026032,21.362722328486583,13.445059272978298,29.687365888056267,-4.320225901022303,2.0146321443357754e-05
2023,RandomForest,1.044854087740991,0.8116376197224757,0.4519851495821269,5.289979017194921,364,0.9203716401086673,1.187452625102857,23.1961953888855,17.197507952120283,28.93713836869208,-4.406472135950708,1.3850798429222163e-05
2023,LightGBM,1.0166891258607242,0.7747439583621388,0.48113139689942197,5.3987054310494385,364,0.8808168738344766,1.1712182562190094,25.266509564339756,18.50628558304433,31.84861657195011,-4.509019522895989,8.8022348915713e-06
2023,CatBoost,1.0468973969751336,0.8077123210814017,0.44983966588535274,5.7442529712365875,364,0.9103529949033338,1.201015012507978,23.045998413996426,17.242957334276976,29.197066709158523,-4.5877091285751455,6.180454071095127e-06
2023,XGBoost,1.0274343469134228,0.7771685140109891,0.4701057643485933,5.605391999999999,364,0.888881026282924,1.1826217339904257,24.47666352945562,18.54795787409015,30.356469295096645,-4.774771091971307,2.614038154861621e-06
2023,XGBoost_reduced,1.094421806974045,0.838696731043956,0.3987563381387329,6.089937,364,0.9620935097872128,1.2457370915175836,19.55263456287113,11.926751952614607,26.84542128490988,-3.5612984513066723,0.0004181702584628752
2023,XGBoost_selected,1.0274343469134228,0.7771685140109891,0.4701057643485933,5.605391999999999,364,0.888881026282924,1.1826217339904257,24.47666352945562,18.54795787409015,30.356469295096645,-4.774771091971307,2.614038154861621e-06
2023,XGBoost_origin_t-1,1.3428942703360096,1.039933831868132,0.09475803882304812,9.507047499999999,364,1.1169775927732792,1.593106280425227,1.2882369295574847,-7.2856352789808865,12.044521747810174,-0.23264321152065984,0.8161695830081228
2024,persistence,1.129365765802662,0.8337912087912088,0.2527305993343242,4.4,364,0.9917922045792171,1.2532249455612101,0.0,0.0,0.0,,
2024,seasonal_naive,1.4555406349452729,1.1262444400837257,-0.2412424784801357,5.574999999999999,364,1.2353181712366574,1.5995951945811393,-28.881242819574247,-41.475668157176784,-11.911970930537628,3.2571722311845517,0.0012313287388852339
2024,moving_average_7d,1.290568196750652,0.9507064364207221,0.024179632613883673,5.771428571428572,364,1.0655634671889291,1.473999659753588,-14.273713249437868,-24.879723938664068,-1.266581533384368,2.047722675793669,0.04130637558659112
2024,persistence_2d,1.4980206721090112,1.1071428571428572,-0.31475119486451986,7.000000000000001,364,1.272281901120939,1.6950621154945968,-32.64264930541252,-39.376436992217904,-24.840048157880446,4.916351115439066,1.337997634385458e-06
2024,ElasticNetCV,1.0650090971134667,0.8277475860437579,0.3354699934591563,4.549455213308318,364,0.9419734175680592,1.1646456620730832,5.698478795614603,-1.468617275970454,12.634150733143445,-1.4602055086218042,0.14509851785960445
2024,SVR,1.0687875584961157,0.8251291725543357,0.330746362295008,4.852040069023186,364,0.9433049322673668,1.1807373638034766,5.363913901134776,-2.745283889915761,11.814685491775395,-1.3608051831280252,0.17441952036347644
2024,RandomForest,0.9607621830510249,0.7377712019857154,0.45919616611914815,4.735241596195847,364,0.855218680260414,1.0785626631852399,14.929050256079545,9.15909790214576,19.77243438175804,-4.405391673518071,1.3916484428552643e-05
2024,LightGBM,0.953221514684476,0.7326999247301285,0.46765199210159547,4.546540077015825,364,0.8499169457397643,1.0709906378214424,15.596740794865227,8.866053320091078,20.405529813069595,-4.167187739313536,3.858783755126417e-05
2024,CatBoost,0.9514320320852976,0.7285457682009348,0.46964886963416297,4.680518506021188,364,0.8484700180846599,1.0620625751394521,15.755191020059245,9.650168447370946,20.566046397323912,-4.363839402287966,1.6681613170998434e-05
2024,XGBoost,0.9530873711773931,0.7357403076923078,0.4678018124800841,4.5052865,364,0.8507534206446709,1.0618117430970848,15.608618568315148,9.665552112719217,20.638624108023674,-4.330816902940781,1.9246648512407087e-05
2024,XGBoost_reduced,1.0164074248013435,0.7780472351648351,0.3947377068071327,4.870635600000001,364,0.9040962347084693,1.1319618560390834,10.001927136602795,3.6297748508537073,15.244818136030412,-2.8979340243662315,0.0039843270962901444
2024,XGBoost_selected,0.9530873711773931,0.7357403076923078,0.4678018124800841,4.5052865,364,0.8507534206446709,1.0618117430970848,15.608618568315148,9.665552112719217,20.638624108023674,-4.330816902940781,1.9246648512407087e-05
2024,XGBoost_origin_t-1,1.2102722640474355,0.9405083914835165,0.14182843089772834,5.757878600000001,364,1.0566306240096324,1.3415462987212057,-7.163887970986238,-15.04023857286146,1.2385566580685623,1.5796539672056094,0.11505708286962175
pooled,persistence,1.3258512167498997,0.9676180021953895,0.12751501221270378,7.299999999999999,1822,1.2492317617206372,1.4060275753709315,0.0,0.0,0.0,,
pooled,seasonal_naive,1.5591143623959474,1.2147839239976999,-0.2064916611243608,8.959999999999999,1822,1.452693331361902,1.6326536394014732,-17.593463180420255,-22.16765078018019,-10.533462819230692,5.750690916703686,1.0401353673860984e-08
pooled,moving_average_7d,1.4240303786512665,1.0891092990434375,-0.006484030225277326,9.142857142857142,1822,1.3370593861373632,1.5154009887286042,-7.404990896492625,-12.168593321348423,-2.9554872561916934,3.1466475996817986,0.0016782576368745198
pooled,persistence_2d,1.721283122344125,1.2911635565312842,-0.47052699316322655,9.899999999999999,1822,1.6148335605162667,1.8356538293582836,-29.82475715213053,-34.40603951092335,-25.22320390333138,10.111167477250557,2.0202162477576486e-23
pooled,ElasticNetCV,1.1294683863725385,0.882701830959468,0.3668355258845376,6.71844663516039,1822,1.0691117678369908,1.184873454587978,14.811830158346162,12.030798818650112,17.96830502016363,-7.098344276947855,1.8020951729244813e-12
pooled,SVR,1.098266098468283,0.8324590537501932,0.40133545855799,6.9994580160057875,1822,1.0224533316804256,1.1729139506136461,17.165207936340177,13.482162259177615,21.048848024194125,-7.700068173084711,2.216067436109396e-14
pooled,RandomForest,1.0288468642054545,0.7926304327816832,0.47462445132769726,5.289979017194921,1822,0.974058762313474,1.0791971522650403,22.401031789411576,20.169153625365357,24.94447975383871,-10.395142208028696,1.2553470233294829e-24
pooled,LightGBM,1.0181794995993891,0.7750189097483239,0.4854624465553262,5.3987054310494385,1822,0.9602689697368715,1.0714741742154492,23.20559903431064,20.68888749460098,26.004200091300135,-10.44548677624933,7.6174193195771785e-25
pooled,CatBoost,1.0208312962533914,0.7825157701932643,0.4827787826590513,5.7442529712365875,1822,0.9642002685691653,1.073971523164574,23.005591927894674,20.77561036400319,25.6491232830925,-10.852185396807482,1.2470824617136999e-26
pooled,XGBoost,1.0119317791795295,0.7725747751920966,0.4917576505968493,5.605391999999999,1822,0.9569667050053063,1.0647542406130965,23.676822376789055,21.24916255857619,26.325713327781013,-10.542777973752694,2.8837592472468122e-25
pooled,XGBoost_reduced,1.0796941195922294,0.8267470306805708,0.4214114269806254,6.089937,1822,1.0207811218841303,1.1314039765780801,18.565966833072178,15.831331364682244,21.8062439440781,-8.292294634845023,2.1313669001694567e-16
pooled,XGBoost_selected,1.0119317791795295,0.7725747751920966,0.4917576505968493,5.605391999999999,1822,0.9569667050053063,1.0647542406130965,23.676822376789055,21.24916255857619,26.325713327781013,-10.542777973752694,2.8837592472468122e-25
pooled,XGBoost_origin_t-1,1.341694397360342,1.0366976707464324,0.10653901543298483,9.507047499999999,1822,1.2532394318128524,1.412006914852165,-1.1949440789652988,-4.518712928426036,3.62915614300842,0.5645358555249592,0.5724590340764246
