outer_year,model,RMSE,MAE,R2,MaxAE,n
2020,persistence,1.40927838760498,1.0245901639344261,0.1888237524561336,7.299999999999999,366
2020,seasonal_naive,1.7960777233240792,1.3956284153005465,-0.3175645297466516,6.633333333333333,366
2020,moving_average_7d,1.542582087258088,1.1875097580015612,0.02810754679616667,5.9,366
2020,persistence_2d,1.8780948956744623,1.412295081967213,-0.4406441055051662,8.399999999999999,366
2020,ElasticNetCV,1.2033105353109153,0.9262203761371228,0.4086057739260147,6.3988530269991415,366
2020,SVR,1.2432805497085948,0.9156242225757195,0.36866492094056935,6.957525299326343,366
2020,RandomForest,1.0783374465458233,0.8345239985111271,0.5250684558518632,5.280562929395044,366
2020,LightGBM,1.0894786747643646,0.8303630073027571,0.5152039086771271,5.323614016522968,366
2020,CatBoost,1.0832752910781702,0.8257619943461735,0.5207089532135124,5.486134316579276,366
2020,XGBoost,1.0690209552822272,0.8192728491803278,0.5332395188477452,4.498975999999999,366
2020,XGBoost_reduced,1.0897353340615066,0.8633110762295082,0.5149754653248344,4.506690999999999,366
2020,XGBoost_selected,1.0690209552822272,0.8192728491803278,0.5332395188477452,4.498975999999999,366
2020,XGBoost_origin_t-1,1.4484135301816619,1.0985232010928963,0.1431460796987094,7.737504699999999,366
2021,persistence,1.3274491373010162,0.9743801652892562,0.05358065926426325,5.1000000000000005,363
2021,seasonal_naive,1.499048800538964,1.212809917355372,-0.2069224623296413,4.55,363
2021,moving_average_7d,1.4050255557386244,1.1016922471467927,-0.06026951538492864,4.6,363
2021,persistence_2d,1.6367339648291486,1.2743801652892561,-0.43881188729001774,5.1000000000000005,363
2021,ElasticNetCV,1.1225570545379688,0.8846012703739196,0.32319326062624076,3.7249471673545154,363
2021,SVR,1.0647266022661943,0.8300565850563307,0.3911307548290326,3.9349179535600487,363
2021,RandomForest,1.0426984720697734,0.7945690673029907,0.41606393098309924,3.993608110726779,363
2021,LightGBM,1.0375041926772284,0.7811874770429357,0.4218672812280211,3.6978328133195144,363
2021,CatBoost,1.023399229314494,0.7807060053095669,0.43747996022086744,3.3598285539446,363
2021,XGBoost,1.0197467296335416,0.7669014404958677,0.4414880496897229,3.4361846,363
2021,XGBoost_reduced,1.1030882223585579,0.8206752283746557,0.3464657948091733,4.9638937,363
2021,XGBoost_selected,1.0197467296335416,0.7669014404958677,0.4414880496897229,3.4361846,363
2021,XGBoost_origin_t-1,1.336476546355161,1.0445475201101928,0.04066451002211813,5.1008867,363
2022,persistence,1.3832362291934899,1.0282191780821917,0.01621575454679547,4.9,365
2022,seasonal_naive,1.512116960315662,1.163351598173516,-0.17564965835133517,5.819999999999999,365
2022,moving_average_7d,1.4466726014821836,1.1240313111545988,-0.07608769599172116,5.271428571428571,365
2022,persistence_2d,1.815534186833628,1.3495890410958904,-0.6947904774041702,5.999999999999999,365
2022,ElasticNetCV,1.1044506616679584,0.8759669675870184,0.37280903681043,3.9825133046325116,365
2022,SVR,1.0310714924424818,0.7998581423325728,0.453381014632217,3.8916551908154564,365
2022,RandomForest,1.013609830914008,0.7844478973709232,0.471738718022945,3.4764961089302426,365
2022,LightGBM,0.9885481828372843,0.7558656582916873,0.49753844616772,3.8558112227458667,365
2022,CatBoost,0.9939193780057577,0.7696455313295483,0.49206344550940395,3.7841718778138076,365
2022,XGBoost,0.9863442104584154,0.7635434071232876,0.49977642893092133,3.546005,365
2022,XGBoost_reduced,1.092461211479664,0.8327707517808219,0.3863521670985416,3.9897456,365
2022,XGBoost_selected,0.9863442104584154,0.7635434071232876,0.49977642893092133,3.546005,365
2022,XGBoost_origin_t-1,1.3589413554509675,1.0595943709589042,0.0504702342791834,5.213966299999999,365
2023,persistence,1.360419699299359,0.9766483516483516,0.07097615897311471,6.3999999999999995,364
2023,seasonal_naive,1.5071737408412338,1.1750274725274725,-0.1402699332136479,8.959999999999999,364
2023,moving_average_7d,1.4230143091878584,1.0810047095761381,-0.01648171211274896,9.142857142857142,364
2023,persistence_2d,1.7501177354429867,1.3115384615384615,-0.5375015665843432,9.899999999999999,364
2023,ElasticNetCV,1.1469578289560913,0.8987575623819812,0.33964733406768677,6.71844663516039,364
2023,SVR,1.0697970164360047,0.7912531575096802,0.425508245397076,6.9994580160057875,364
2023,RandomForest,1.044854087740991,0.8116376197224757,0.4519851495821269,5.289979017194921,364
2023,LightGBM,1.0166891258607242,0.7747439583621388,0.48113139689942197,5.3987054310494385,364
2023,CatBoost,1.0468973969751336,0.8077123210814017,0.44983966588535274,5.7442529712365875,364
2023,XGBoost,1.0274343469134228,0.7771685140109891,0.4701057643485933,5.605391999999999,364
2023,XGBoost_reduced,1.094421806974045,0.838696731043956,0.3987563381387329,6.089937,364
2023,XGBoost_selected,1.0274343469134228,0.7771685140109891,0.4701057643485933,5.605391999999999,364
2023,XGBoost_origin_t-1,1.3428942703360096,1.039933831868132,0.09475803882304812,9.507047499999999,364
2024,persistence,1.129365765802662,0.8337912087912088,0.2527305993343242,4.4,364
2024,seasonal_naive,1.4555406349452729,1.1262444400837257,-0.2412424784801357,5.574999999999999,364
2024,moving_average_7d,1.290568196750652,0.9507064364207221,0.024179632613883673,5.771428571428572,364
2024,persistence_2d,1.4980206721090112,1.1071428571428572,-0.31475119486451986,7.000000000000001,364
2024,ElasticNetCV,1.0650090971134667,0.8277475860437579,0.3354699934591563,4.549455213308318,364
2024,SVR,1.0687875584961157,0.8251291725543357,0.330746362295008,4.852040069023186,364
2024,RandomForest,0.9607621830510249,0.7377712019857154,0.45919616611914815,4.735241596195847,364
2024,LightGBM,0.953221514684476,0.7326999247301285,0.46765199210159547,4.546540077015825,364
2024,CatBoost,0.9514320320852976,0.7285457682009348,0.46964886963416297,4.680518506021188,364
2024,XGBoost,0.9530873711773931,0.7357403076923078,0.4678018124800841,4.5052865,364
2024,XGBoost_reduced,1.0164074248013435,0.7780472351648351,0.3947377068071327,4.870635600000001,364
2024,XGBoost_selected,0.9530873711773931,0.7357403076923078,0.4678018124800841,4.5052865,364
2024,XGBoost_origin_t-1,1.2102722640474355,0.9405083914835165,0.14182843089772834,5.757878600000001,364
