month,mean,std,size,se,kind,season,days,RMSE_xgb,RMSE_persistence,bias,skill_pct
1.0,0.11699333354838706,1.2577374702674873,155.0,0.10102390468037778,month,,,,,,
2.0,-0.0402542478571429,1.3928052681164507,140.0,0.11771352983569106,month,,,,,,
3.0,-0.1416068606451613,1.0570683978445494,155.0,0.08490577691207386,month,,,,,,
4.0,-0.00953654199999999,1.076143354994214,150.0,0.0878667369940868,month,,,,,,
5.0,-0.10973091612903224,0.8549880261275338,155.0,0.06867429085658298,month,,,,,,
6.0,-0.19678243333333334,0.7539833102477935,150.0,0.061562479489389234,month,,,,,,
7.0,0.0025368174193548454,0.6891224911918987,155.0,0.05535165049067751,month,,,,,,
8.0,0.004378778064516114,0.7609262786490807,155.0,0.06111906948807904,month,,,,,,
9.0,0.13811422617449665,0.7662728708185894,149.0,0.06277551956023517,month,,,,,,
10.0,0.04542707225806452,0.8164444727005833,155.0,0.06557839814487171,month,,,,,,
11.0,0.13621688866666667,1.3207256310139355,150.0,0.10783679620664918,month,,,,,,
12.0,-0.22736839346405227,1.0631472142251466,153.0,0.08595035803591071,month,,,,,,
,,,,,season,DJF,448.0,1.2458152918771772,1.7015093089875908,-0.0497522147321429,26.781752806368985
,,,,,season,MAM,460.0,1.0023841358784833,1.2945370164489394,-0.08779964499999998,22.56813647336746
,,,,,season,JJA,460.0,0.7413530347234586,0.8848237358244075,-0.0618379297826087,16.21460809561969
,,,,,season,SON,454.0,1.001544860238674,1.3063889093140888,0.10584305991189429,23.33486199262601
