date,outer_year,y_true,XGBoost_selected,persistence,abs_err,rise_from_previous_day,target_date
2023-02-05,2023,12.6,6.994608,6.2,5.605391999999999,6.3999999999999995,2023-02-06
2024-11-30,2024,8.8,4.2947135,5.5,4.5052865,3.3000000000000007,2024-12-01
2020-01-05,2020,11.2,6.701024,3.9,4.498975999999999,7.299999999999999,2020-01-06
2023-11-28,2023,8.5,4.612766,3.2,3.8872340000000003,5.3,2023-11-29
2024-01-08,2024,7.8,4.0214214,5.3,3.7785785999999995,2.5,2024-01-09
2022-11-20,2022,7.6,4.053995,3.7,3.546005,3.8999999999999995,2022-11-21
2022-04-02,2022,8.0,4.466265,6.3,3.533735,1.7000000000000002,2022-04-03
2021-12-17,2021,6.5,3.0638154,3.3,3.4361846,3.2,2021-12-18
2023-01-17,2023,7.5,4.0641146,1.6,3.4358854,5.9,2023-01-18
2021-04-06,2021,6.2,2.8309813,1.7000000000000002,3.3690187000000003,4.5,2021-04-07
