outer_year,quantile,threshold,model,n_events,hits,misses,false_alarms,POD,FAR,CSI,freq_bias,bias,rmse,attenuation,AUC,scope
2020.0,P90,5.5,persistence,45,20,25,25,0.4444444444444444,0.5555555555555556,0.2857142857142857,1.0,-1.2955555555555556,2.309449188779774,0.8037037037037037,0.8058151609553479,per_year
2020.0,P90,5.5,ElasticNetCV,45,5,40,4,0.1111111111111111,0.4444444444444444,0.10204081632653061,0.2,-1.9218970657260344,2.290289794982334,0.7088034748899948,0.8800276912426445,per_year
2020.0,P90,5.5,SVR,45,4,41,3,0.08888888888888889,0.42857142857142855,0.08333333333333333,0.15555555555555556,-2.1201463047305324,2.593508325843586,0.6787657114044648,0.8563516787815852,per_year
2020.0,P90,5.5,RandomForest,45,8,37,6,0.17777777777777778,0.42857142857142855,0.1568627450980392,0.3111111111111111,-1.662676307044422,1.9379598817630195,0.7480793474175118,0.9057113187954309,per_year
2020.0,P90,5.5,LightGBM,45,9,36,6,0.2,0.4,0.17647058823529413,0.3333333333333333,-1.6921054386487167,1.985196521313273,0.7436203880835278,0.9030114226375908,per_year
2020.0,P90,5.5,CatBoost,45,8,37,5,0.17777777777777778,0.38461538461538464,0.16,0.28888888888888886,-1.7328429579355367,2.0192807640312767,0.7374480366764339,0.8996884735202492,per_year
2020.0,P90,5.5,XGBoost_selected,45,8,37,7,0.17777777777777778,0.4666666666666667,0.15384615384615385,0.3333333333333333,-1.62028378,1.8961407884799995,0.7545024575757575,0.9049498096227069,per_year
2020.0,P95,6.3,persistence,22,6,16,16,0.2727272727272727,0.7272727272727273,0.15789473684210525,1.0,-1.9727272727272729,2.9029765288876734,0.7360097323600973,0.7807214587737843,per_year
2020.0,P95,6.3,ElasticNetCV,22,4,18,0,0.18181818181818182,0.0,0.18181818181818182,0.18181818181818182,-2.4710671773392217,2.8925672923155115,0.6693219105750433,0.8812103594080338,per_year
2020.0,P95,6.3,SVR,22,0,22,1,0.0,1.0,0.0,0.045454545454545456,-3.0317781026175807,3.3960602689339194,0.5942876018394966,0.8360200845665962,per_year
2020.0,P95,6.3,RandomForest,22,3,19,1,0.13636363636363635,0.25,0.13043478260869565,0.18181818181818182,-2.258717314913327,2.4509097536473963,0.69773855883155,0.9114693446088795,per_year
2020.0,P95,6.3,LightGBM,22,2,20,2,0.09090909090909091,0.5,0.08333333333333333,0.18181818181818182,-2.30588153467133,2.5159380296001763,0.6914270452386299,0.9180761099365751,per_year
2020.0,P95,6.3,CatBoost,22,1,21,1,0.045454545454545456,0.5,0.043478260869565216,0.09090909090909091,-2.409439612393903,2.587213608918715,0.6775689083171179,0.9068446088794926,per_year
2020.0,P95,6.3,XGBoost_selected,22,4,18,3,0.18181818181818182,0.42857142857142855,0.16,0.3181818181818182,-2.2420738636363633,2.3918073910802953,0.6999657846715328,0.9121300211416491,per_year
2021.0,P90,5.5,persistence,28,11,17,17,0.39285714285714285,0.6071428571428571,0.24444444444444444,1.0,-1.6071428571428572,2.3928464818525836,0.7474747474747477,0.7498400852878464,per_year
2021.0,P90,5.5,ElasticNetCV,28,1,27,0,0.03571428571428571,0.0,0.03571428571428571,0.03571428571428571,-2.08287368883486,2.2475136988691427,0.6727246729103474,0.8017057569296375,per_year
2021.0,P90,5.5,SVR,28,4,24,2,0.14285714285714285,0.3333333333333333,0.13333333333333333,0.21428571428571427,-1.968162837361824,2.1761360979065283,0.6907488246569525,0.7930703624733475,per_year
2021.0,P90,5.5,RandomForest,28,4,24,2,0.14285714285714285,0.3333333333333333,0.13333333333333333,0.21428571428571427,-1.7848374033640397,2.0019398537248048,0.7195541678215875,0.8314498933901919,per_year
2021.0,P90,5.5,LightGBM,28,5,23,5,0.17857142857142858,0.5,0.15151515151515152,0.35714285714285715,-1.7126269151506854,1.9552825865359713,0.7309003724791291,0.8371002132196163,per_year
2021.0,P90,5.5,CatBoost,28,7,21,1,0.25,0.125,0.2413793103448276,0.2857142857142857,-1.7378760267466746,1.9665420845017125,0.7269330597704441,0.8359275053304904,per_year
2021.0,P90,5.5,XGBoost_selected,28,5,23,4,0.17857142857142858,0.4444444444444444,0.15625,0.32142857142857145,-1.800100207142857,2.010263911670043,0.7171559719416387,0.8240938166311301,per_year
2021.0,P95,6.3,persistence,14,4,10,10,0.2857142857142857,0.7142857142857143,0.16666666666666666,1.0,-1.8785714285714286,2.5446021299998947,0.7271784232365144,0.787556283258289,per_year
2021.0,P95,6.3,ElasticNetCV,14,0,14,0,0.0,,0.0,0.0,-2.507719106307544,2.628085532828308,0.6358084285445473,0.8031109291854278,per_year
2021.0,P95,6.3,SVR,14,0,14,0,0.0,,0.0,0.0,-2.383024778069213,2.526864557378369,0.6539175633509441,0.800450266066312,per_year
2021.0,P95,6.3,RandomForest,14,1,13,1,0.07142857142857142,0.5,0.06666666666666667,0.14285714285714285,-2.129395082388817,2.291073026227507,0.690751751520296,0.8393368808841588,per_year
2021.0,P95,6.3,LightGBM,14,1,13,0,0.07142857142857142,0.0,0.07142857142857142,0.07142857142857142,-2.025589109520749,2.186136715689409,0.7058273077459492,0.8630781825624232,per_year
2021.0,P95,6.3,CatBoost,14,1,13,0,0.07142857142857142,0.0,0.07142857142857142,0.07142857142857142,-2.069266834909043,2.2357279645997314,0.6994840696190185,0.8577568563241915,per_year
2021.0,P95,6.3,XGBoost_selected,14,1,13,0,0.07142857142857142,0.0,0.07142857142857142,0.07142857142857142,-2.1116373928571432,2.253247844386864,0.6933306690871368,0.8458862054850593,per_year
2022.0,P90,5.5,persistence,27,7,20,20,0.25925925925925924,0.7407407407407407,0.14893617021276595,1.0,-2.0407407407407407,2.5468208213960195,0.6923506420993859,0.7243041858426473,per_year
2022.0,P90,5.5,ElasticNetCV,27,2,25,1,0.07407407407407407,0.3333333333333333,0.07142857142857142,0.1111111111111111,-2.240957647782246,2.4080722231624625,0.6621671887765459,0.8218277449046679,per_year
2022.0,P90,5.5,SVR,27,4,23,2,0.14814814814814814,0.3333333333333333,0.13793103448275862,0.2222222222222222,-2.0516187821935845,2.3041885977282512,0.690710736352726,0.8629191321499013,per_year
2022.0,P90,5.5,RandomForest,27,3,24,1,0.1111111111111111,0.25,0.10714285714285714,0.14814814814814814,-2.0020259898461106,2.180198045792997,0.6981870367066165,0.8395792241946087,per_year
2022.0,P90,5.5,LightGBM,27,3,24,2,0.1111111111111111,0.4,0.10344827586206896,0.18518518518518517,-1.8655249510945253,2.095193152827717,0.718765082749569,0.8610563225947842,per_year
2022.0,P90,5.5,CatBoost,27,3,24,0,0.1111111111111111,0.0,0.1111111111111111,0.1111111111111111,-2.023163673139006,2.2004794658585,0.695000451285577,0.8502081963620425,per_year
2022.0,P90,5.5,XGBoost_selected,27,3,24,1,0.1111111111111111,0.25,0.10714285714285714,0.14814814814814814,-1.9067500666666666,2.0936032407544958,0.7125502412060303,0.8659872890642121,per_year
2022.0,P95,6.3,persistence,13,3,10,10,0.23076923076923078,0.7692307692307693,0.13043478260869565,1.0,-2.430769230769231,2.8884384921747808,0.6715176715176714,0.7457386363636364,per_year
2022.0,P95,6.3,ElasticNetCV,13,2,11,1,0.15384615384615385,0.3333333333333333,0.14285714285714285,0.23076923076923078,-2.856480908602421,2.9372889090048533,0.6139890664050782,0.8177447552447552,per_year
2022.0,P95,6.3,SVR,13,0,13,0,0.0,,0.0,0.0,-2.7680015347210043,2.8875823338726505,0.6259457385512155,0.8529283216783217,per_year
2022.0,P95,6.3,RandomForest,13,2,11,0,0.15384615384615385,0.0,0.15384615384615385,0.15384615384615385,-2.383296451981863,2.5325177394354714,0.6779329118943428,0.8739073426573426,per_year
2022.0,P95,6.3,LightGBM,13,2,11,0,0.15384615384615385,0.0,0.15384615384615385,0.15384615384615385,-2.260102817019082,2.522191508954986,0.6945807004028266,0.8686625874125874,per_year
2022.0,P95,6.3,CatBoost,13,2,11,0,0.15384615384615385,0.0,0.15384615384615385,0.15384615384615385,-2.4708202525860563,2.6266795889722774,0.6661053712721545,0.8621066433566433,per_year
2022.0,P95,6.3,XGBoost_selected,13,2,11,0,0.15384615384615385,0.0,0.15384615384615385,0.15384615384615385,-2.301838561538462,2.458115438512229,0.688940734927235,0.8922639860139859,per_year
2023.0,P90,5.4,persistence,30,13,17,17,0.43333333333333335,0.5666666666666667,0.2765957446808511,1.0,-1.3500000000000003,2.5912030667883466,0.7871781397792957,0.790119760479042,per_year
2023.0,P90,5.4,ElasticNetCV,30,3,27,0,0.1,0.0,0.1,0.1,-1.9454447424752292,2.309033133871003,0.6933087636665428,0.8707584830339322,per_year
2023.0,P90,5.4,SVR,30,1,29,0,0.03333333333333333,0.0,0.03333333333333333,0.03333333333333333,-1.9710663747165695,2.406440427646793,0.6892696203809926,0.8869261477045909,per_year
2023.0,P90,5.4,RandomForest,30,5,25,1,0.16666666666666666,0.16666666666666666,0.16129032258064516,0.2,-1.6174675400716572,2.0341920407666585,0.7450129994632173,0.9005988023952096,per_year
2023.0,P90,5.4,LightGBM,30,5,25,0,0.16666666666666666,0.0,0.16666666666666666,0.16666666666666666,-1.60882525615103,2.0028578982171097,0.7463754194191754,0.889121756487026,per_year
2023.0,P90,5.4,CatBoost,30,5,25,0,0.16666666666666666,0.0,0.16666666666666666,0.16666666666666666,-1.685972124121966,2.107032917146289,0.7342135379734158,0.8883233532934132,per_year
2023.0,P90,5.4,XGBoost_selected,30,4,26,1,0.13333333333333333,0.2,0.12903225806451613,0.16666666666666666,-1.6711081766666667,2.107954033451841,0.7365567771939044,0.8804391217564871,per_year
2023.0,P95,6.259999999999991,persistence,7,3,4,4,0.42857142857142855,0.5714285714285714,0.2727272727272727,1.0,-1.985714285714286,4.213413953417957,0.7607573149741825,0.7825130052020809,per_year
2023.0,P95,6.259999999999991,ElasticNetCV,7,1,6,0,0.14285714285714285,0.0,0.14285714285714285,0.14285714285714285,-3.2886270933493584,3.6633995633242282,0.6037798682711617,0.9451780712284914,per_year
2023.0,P95,6.259999999999991,SVR,7,0,7,0,0.0,,0.0,0.0,-3.6959673790196734,4.0388877106082175,0.5547027254193165,0.9127651060424169,per_year
2023.0,P95,6.259999999999991,RandomForest,7,1,6,1,0.14285714285714285,0.5,0.125,0.2857142857142857,-2.791485221619065,3.0880970771543597,0.6636764793230043,0.9695878351340537,per_year
2023.0,P95,6.259999999999991,LightGBM,7,2,5,1,0.2857142857142857,0.3333333333333333,0.25,0.42857142857142855,-2.6922281400013657,3.009657796611526,0.6756351638552573,0.9771908763505402,per_year
2023.0,P95,6.259999999999991,CatBoost,7,2,5,1,0.2857142857142857,0.3333333333333333,0.25,0.42857142857142855,-2.911213993206583,3.2426747903223867,0.6492513261196888,0.9587835134053622,per_year
2023.0,P95,6.259999999999991,XGBoost_selected,7,2,5,1,0.2857142857142857,0.3333333333333333,0.25,0.42857142857142855,-2.8934619999999995,3.2387595730301864,0.6513901204819278,0.9543817527010804,per_year
2024.0,P90,5.4,persistence,22,10,12,12,0.45454545454545453,0.5454545454545454,0.29411764705882354,1.0,-1.5227272727272727,1.9989770111007008,0.7657342657342657,0.8078149920255183,per_year
2024.0,P90,5.4,ElasticNetCV,22,2,20,1,0.09090909090909091,0.3333333333333333,0.08695652173913043,0.13636363636363635,-2.3171997196177507,2.4646139935756097,0.643507735443423,0.8365231259968102,per_year
2024.0,P90,5.4,SVR,22,5,17,0,0.22727272727272727,0.0,0.22727272727272727,0.22727272727272727,-2.217417862362271,2.480724789785895,0.6588587904058046,0.8052897395002658,per_year
2024.0,P90,5.4,RandomForest,22,8,14,1,0.36363636363636365,0.1111111111111111,0.34782608695652173,0.4090909090909091,-1.7732110563078924,2.1109116854133294,0.727198299029555,0.8515417331206805,per_year
2024.0,P90,5.4,LightGBM,22,8,14,2,0.36363636363636365,0.2,0.3333333333333333,0.45454545454545453,-1.5678204523746382,2.0273132581132747,0.7587968534808248,0.8656299840510366,per_year
2024.0,P90,5.4,CatBoost,22,8,14,3,0.36363636363636365,0.2727272727272727,0.32,0.5,-1.638852547338839,2.062526462303844,0.747868838870948,0.8644338118022329,per_year
2024.0,P90,5.4,XGBoost_selected,22,8,14,2,0.36363636363636365,0.2,0.3333333333333333,0.45454545454545453,-1.7076084818181818,2.059219688217733,0.7372910027972027,0.8635034556087188,per_year
2024.0,P95,6.2,persistence,10,5,5,5,0.5,0.5,0.3333333333333333,1.0,-0.9399999999999998,1.6049922118191104,0.87598944591029,0.9840395480225989,per_year
2024.0,P95,6.2,ElasticNetCV,10,0,10,0,0.0,,0.0,0.0,-2.644914735209775,2.8209123136395338,0.6510666576240404,0.9768361581920904,per_year
2024.0,P95,6.2,SVR,10,1,9,0,0.1,0.0,0.1,0.1,-2.337148603023969,2.7335485366104417,0.6916690497329856,0.9632768361581922,per_year
2024.0,P95,6.2,RandomForest,10,4,6,0,0.4,0.0,0.4,0.4,-1.7693539261890507,2.260623643995202,0.7665759991835026,0.9754237288135593,per_year
2024.0,P95,6.2,LightGBM,10,4,6,2,0.4,0.3333333333333333,0.3333333333333333,0.6,-1.5839152922854063,2.201850256610919,0.7910401989069384,0.9621468926553672,per_year
2024.0,P95,6.2,CatBoost,10,7,3,1,0.7,0.125,0.6363636363636364,0.8,-1.581046178157123,2.1806940655914095,0.7914187100056566,0.9779661016949153,per_year
2024.0,P95,6.2,XGBoost_selected,10,5,5,0,0.5,0.0,0.5,0.5,-1.7796193800000002,2.243946535020624,0.7652217176781003,0.9731638418079096,per_year
,P90,,persistence,152,61,91,91,0.40131578947368424,0.5986842105263158,0.25102880658436216,,-1.5289473684210526,2.3852617642955933,0.7646820575131632,0.7830582256539552,pooled
,P90,,ElasticNetCV,152,13,139,6,0.08552631578947369,0.3157894736842105,0.08227848101265822,,-2.070088314743524,2.3334427306721937,0.6813958851346543,0.8503427355814688,pooled
,P90,,SVR,152,18,134,7,0.11842105263157894,0.28,0.11320754716981132,,-2.0646318058664397,2.416699061251274,0.6822356880399971,0.8481248030255277,pooled
,P90,,RandomForest,152,28,124,11,0.18421052631578946,0.28205128205128205,0.17177914110429449,,-1.7525345544602664,2.0386567487506544,0.7302700969238959,0.8753190986448157,pooled
,P90,,LightGBM,152,30,122,15,0.19736842105263158,0.3333333333333333,0.17964071856287425,,-1.6922649978930038,2.0093229651593756,0.7395460918593191,0.8792388906397731,pooled
,P90,,CatBoost,152,31,121,9,0.20394736842105263,0.225,0.19254658385093168,,-1.7624855315517935,2.066786631339044,0.7287385573148314,0.8764024582414119,pooled
,P90,,XGBoost_selected,152,28,124,15,0.18421052631578946,0.3488372093023256,0.16766467065868262,,-1.72696355,2.019447483937072,0.7342056909680033,0.8768082256539553,pooled
,P95,,persistence,66,21,45,45,0.3181818181818182,0.6818181818181818,0.1891891891891892,,-1.887878787878788,2.845890178677123,0.746180484823793,0.8180567060122869,pooled
,P95,,ElasticNetCV,66,7,59,1,0.10606060606060606,0.125,0.1044776119402985,,-2.6678080940476243,2.92959576520011,0.6413213807147213,0.885147028370263,pooled
,P95,,SVR,66,1,65,1,0.015151515151515152,0.5,0.014925373134328358,,-2.8074051937167606,3.115037980044164,0.6225529786406473,0.8736021950714434,pooled
,P95,,RandomForest,66,11,55,3,0.16666666666666666,0.21428571428571427,0.15942028985507245,,-2.2381833601594665,2.482896967020015,0.6990831090435429,0.9152257196106854,pooled
,P95,,LightGBM,66,11,55,5,0.16666666666666666,0.3125,0.15492957746478872,,-2.1689958760632035,2.4641491864555394,0.7083851541654687,0.9185304065714088,pooled
,P95,,CatBoost,66,13,53,3,0.19696969696969696,0.1875,0.18840579710144928,,-2.277076214833765,2.546807821900414,0.6938540839702005,0.9158814799475392,pooled
,P95,,XGBoost_selected,66,14,52,4,0.21212121212121213,0.2222222222222222,0.2,,-2.2251951151515152,2.4595710211369743,0.7008293387655327,0.9174173396838545,pooled
