group,n_features,dRMSE,sd,pct
station:enez,17,0.05582833944340158,0.018613243313864446,24.546643669642247
Şarköy wind statistics,62,0.04315284652615762,0.010427428137675884,18.97347400207414
station:ipsala,17,0.019251983875261648,0.0034006531007995744,8.46472585126477
Şarköy meteorology (engineered),34,0.015771015786869978,0.004348962088435445,6.9342113465700566
station:marmara,17,0.014125926596555993,0.0048661168879798366,6.210897370872175
Şarköy same-day/lagged wind,18,0.011302507218444136,0.004265098146806889,4.96949434697002
station:lalapasa,17,0.011058541214933559,0.002186663297601222,4.862227202444757
station:tekirdag,17,0.009174644824595114,0.002293518539559746,4.033914308577579
station:kesan,17,0.00795104202017094,0.0022823607502138895,3.4959197643582436
Calendar/astronomical,19,0.007908071825891472,0.00246816788337254,3.4770265990248435
Şarköy meteorology,29,0.0053385856949523134,0.0025394629326003872,2.3472731243725384
station:saray,17,0.004168363121327812,0.0021788377802874036,1.832748837687394
station:hayrabolu,17,0.004144595792806715,0.0021163156195351,1.822298801916974
station:edirne,17,0.004133394501186516,0.0020708898911265135,1.8173738101156414
station:havsa,17,0.004090635193521141,0.0036570573884949246,1.7985733675574915
station:meric,17,0.003726838137594601,0.0015134968003034093,1.6386188213731676
Ganos,35,0.002116948351828829,0.0019097281891240572,0.9307813446978745
Şarköy thermodynamics/physics,7,0.0020327731896026212,0.0008308354439767292,0.8937711499902965
station:uzunkopru,17,0.0016376216930743537,0.0013456037826594656,0.7200306612437398
station:malkara,17,0.00046804238344446694,0.002487525054874847,0.20578920532552714
Şarköy direction classes,79,5.505452848260095e-05,0.0011686687534968997,0.024206413920525437
Lunar phase (negative control),4,-0.00015415019744461356,0.000679553343900123,0.0
station:muratli,17,-0.0006621249249730732,0.0016298998329685444,0.0
station:cerkezkoy,17,-0.0007059752444455892,0.0016442667130208168,0.0
station:corlu,17,-0.0008552772242679362,0.0009331502336218656,0.0
