config,seed,val_RMSE,test_RMSE,window_size,num_layers,num_units,dropout_rate,learning_rate,batch_size
LSTM,42,1.0377174982218738,1.0883547126152282,1,1,352,0.6215570122724348,0.0006240146391470353,32
LSTM,43,1.0723973539847622,1.1079492306677254,1,1,352,0.6215570122724348,0.0006240146391470353,32
LSTM,44,1.0812579217559248,1.0990404552539759,1,1,352,0.6215570122724348,0.0006240146391470353,32
LSTM,45,1.0438899645735573,1.0796222891948375,1,1,352,0.6215570122724348,0.0006240146391470353,32
LSTM,46,1.0536985621058137,1.1301116203572028,1,1,352,0.6215570122724348,0.0006240146391470353,32
LSTM (submitted configuration),42,1.0571521159827653,1.109176876082643,1,3,416,0.09876585985584417,0.0012561075381468112,128
LSTM (submitted configuration),43,1.1513658206010504,1.0412451486976257,1,3,416,0.09876585985584417,0.0012561075381468112,128
LSTM (submitted configuration),44,1.1361855229354196,1.06573756308519,1,3,416,0.09876585985584417,0.0012561075381468112,128
LSTM (submitted configuration),45,1.080290528038142,1.0998095307948486,1,3,416,0.09876585985584417,0.0012561075381468112,128
LSTM (submitted configuration),46,1.0956535583724578,1.1001287506692994,1,3,416,0.09876585985584417,0.0012561075381468112,128
