,2020,2021,2022,2023,2024
max_pressure,0.095935486,0.085230276,0.08470207,0.13057584,0.1293978
max_humidity,0.37382326,0.43610287,0.23423003,0.293418,0.27831104
max_wind_speed,3.7584255,2.7198577,2.0218391,2.311281,3.4607685
max_temperature,0.07333819,0.0760983,0.23390453,0.31897044,0.27165276
min_pressure,0.08909483,0.24211803,0.27776065,0.27190897,0.27599573
min_humidity,0.055018373,0.08018741,0.072233334,0.0787399,0.07348189
min_temperature,0.04070645,0.07432273,0.055787537,0.054441184,0.07151572
mean_pressure,0.1596064,0.096711434,0.1607483,0.1258687,0.165867
mean_wind_speed,0.10124292,0.14877947,0.039842173,0.09076778,0.1078343
mean_temperature,0.11624004,0.11141149,0.09182415,0.042712383,0.09354614
total_precipitation,0.06356065,0.104790755,0.06454534,0.072450966,0.08077098
max_humidity_at_ganos,0.0325007,0.049250294,0.023579383,0.048045903,0.05411233
max_temperature_at_ganos,0.22161198,0.2056298,0.19285713,0.26512837,0.23443331
min_humidity_at_ganos,0.03611761,0.06522134,0.0796241,0.13966538,0.069160335
min_temperature_at_ganos,0.14996819,0.20332208,0.100455225,0.12479831,0.09618466
mean_humidity_at_ganos,0.071635164,0.11569093,0.1246027,0.18080607,0.14951424
mean_temperature_at_ganos,0.11048237,0.097922996,0.13725926,0.091806784,0.11123037
total_precipitation_at_ganos,0.1366596,0.111982815,0.06662604,0.05134226,0.048747383
max_wind_speed_horizontal,0.18242453,0.1342736,0.074275404,0.11430123,0.12919001
max_wind_speed_vertical,0.74007916,0.77135056,0.6565021,0.72767395,0.58041614
mean_wind_speed_horizontal,0.1965032,0.19936924,0.25992212,0.24205165,0.48279065
mean_wind_speed_vertical,0.24568199,0.097143605,0.17924495,0.231788,0.123267435
max_speed_cerkezkoy_horizontal,0.14762226,0.16785626,0.14544834,0.1061633,0.15442124
max_speed_cerkezkoy_vertical,0.0927836,0.068709694,0.065329075,0.07753299,0.11271336
mean_speed_cerkezkoy_horizontal,0.08724817,0.07307986,0.060388226,0.07830921,0.060604807
mean_speed_cerkezkoy_vertical,0.05197817,0.07298873,0.08476419,0.12519088,0.13338244
max_speed_meric_horizontal,0.14778225,0.091579705,0.10936712,0.0951749,0.2224906
max_speed_meric_vertical,0.19064732,0.15458702,0.07921737,0.13505292,0.24311043
mean_speed_meric_horizontal,0.08545225,0.13349544,0.14837673,0.085555136,0.062513635
mean_speed_meric_vertical,0.15413065,0.0588311,0.18231976,0.10412319,0.036896694
max_speed_muratli_horizontal,0.11025794,0.21660064,0.107449524,0.26965985,0.25534305
max_speed_muratli_vertical,0.29228953,0.08733795,0.22866918,0.08878755,0.09683864
mean_speed_muratli_horizontal,0.13270906,0.10417036,0.13242964,0.14564276,0.15290266
mean_speed_muratli_vertical,0.72789615,0.73036677,0.40999827,0.39090323,0.42213997
max_speed_kesan_horizontal,0.31434566,0.34402913,0.38224444,0.5680958,0.39079595
max_speed_kesan_vertical,0.17863774,0.11561629,0.13720912,0.13470295,0.1163731
mean_speed_kesan_horizontal,0.098446175,0.21199569,0.5563216,0.50647825,0.3237256
mean_speed_kesan_vertical,0.08390208,0.22108522,0.10030495,0.07959206,0.22245733
max_speed_ipsala_horizontal,0.20172149,0.112269886,0.12390646,0.09381619,0.13279189
max_speed_ipsala_vertical,0.5537699,0.44830835,0.29004428,0.17031781,0.37031105
mean_speed_ipsala_horizontal,0.31463107,0.40496302,0.5017326,0.5956155,0.3141485
mean_speed_ipsala_vertical,1.2567207,1.0254687,0.60256225,0.6647409,0.5331438
max_speed_enez_horizontal,0.17815754,0.28740916,0.20539378,0.2367388,0.21101967
max_speed_enez_vertical,1.2251722,4.143295,5.2546196,1.9691904,1.5471256
mean_speed_enez_horizontal,0.08820864,0.122166775,0.15755245,0.39517713,0.30870408
mean_speed_enez_vertical,0.3747737,0.592727,0.26287988,0.43889934,0.3304859
max_speed_malkara_horizontal,0.11223693,0.07579894,0.14333285,0.17969897,0.17454702
max_speed_malkara_vertical,0.14189504,0.102789566,0.08467634,0.113865405,0.16833352
mean_speed_malkara_horizontal,0.52802324,0.16992281,0.36538997,0.12979594,0.12783879
mean_speed_malkara_vertical,0.07289758,0.16633487,0.113240525,0.113101155,0.10443543
max_speed_edirne_horizontal,0.26222095,0.08923124,0.13940355,0.17220272,0.14181963
max_speed_edirne_vertical,1.0783645,0.75034326,0.47308034,0.6429692,0.37652558
mean_speed_edirne_horizontal,0.21530582,0.10458405,0.11978584,0.10386548,0.09612769
mean_speed_edirne_vertical,0.6751504,0.24310285,0.40147382,0.30983046,0.24057896
max_speed_tekirdag_horizontal,0.08603039,0.21952043,0.13886945,0.20306566,0.35617667
max_speed_tekirdag_vertical,1.2637323,1.8799267,0.48596233,1.124925,0.6011985
mean_speed_tekirdag_horizontal,0.37070212,0.6971922,1.092255,0.9094189,1.0112787
mean_speed_tekirdag_vertical,0.1329274,0.12197085,0.1260361,0.08333797,0.10669449
max_speed_uzunkopru_horizontal,0.19676776,0.08887376,0.09926686,0.08667639,0.14233136
max_speed_uzunkopru_vertical,0.15667586,0.16459675,0.25729656,0.23397069,0.15390447
mean_speed_uzunkopru_horizontal,0.20749189,0.051730536,0.18711199,0.13441347,0.16380906
mean_speed_uzunkopru_vertical,0.09299577,0.0518212,0.043779265,0.03336062,0.15398239
max_speed_saray_horizontal,0.51318955,0.8016953,0.5506828,0.6400408,0.75723296
max_speed_saray_vertical,0.27891153,0.18324581,0.21896668,0.07377976,0.12660605
mean_speed_saray_horizontal,0.104122244,0.07228694,0.052882377,0.060613316,0.102366015
mean_speed_saray_vertical,0.17802055,0.08409372,0.12086012,0.13494483,0.09604232
max_speed_havsa_horizontal,0.3480404,0.22416149,0.13478641,0.12287669,0.21065441
max_speed_havsa_vertical,0.17915295,0.1771928,0.18823999,0.09737815,0.21775566
mean_speed_havsa_horizontal,0.16675699,0.19290963,0.09627301,0.11259738,0.19910549
mean_speed_havsa_vertical,0.19208543,0.39557925,0.75089204,0.8859031,0.82890207
max_speed_hayrabolu_horizontal,0.09177181,0.090232104,0.10999813,0.115701884,0.12746888
max_speed_hayrabolu_vertical,0.14274995,0.105008416,0.08810298,0.12333731,0.12948112
mean_speed_hayrabolu_horizontal,0.07250001,0.082052775,0.08296392,0.09738706,0.076996796
mean_speed_hayrabolu_vertical,0.6476905,0.60066944,0.92373943,0.86607814,1.388243
max_speed_lalapasa_horizontal,0.2512889,0.4100116,0.3249014,0.43934175,0.3235157
max_speed_lalapasa_vertical,0.36625752,0.39976025,0.41954067,0.42100045,0.3718153
mean_speed_lalapasa_horizontal,0.18307656,0.107183725,0.14321896,0.12658732,0.123213686
mean_speed_lalapasa_vertical,0.36176065,0.21962687,0.25170517,0.1744386,0.24414967
max_speed_corlu_horizontal,0.10499662,0.16812009,0.06987062,0.10413285,0.18543512
max_speed_corlu_vertical,0.84014565,0.69188595,0.4778533,0.2950489,0.38662982
mean_speed_corlu_horizontal,0.08767145,0.05202205,0.02677401,0.046825472,0.064037226
mean_speed_corlu_vertical,0.071961805,0.073495746,0.04211285,0.1140632,0.060304113
max_speed_marmara_horizontal,3.9488573,3.793301,4.2462683,2.9733205,2.0386212
max_speed_marmara_vertical,0.17573367,0.28460512,0.23380917,0.38192636,0.2553674
mean_speed_marmara_horizontal,0.37807828,0.50056505,0.60152787,0.31090754,0.41782063
mean_speed_marmara_vertical,0.086888194,0.10364409,0.1066833,0.09938638,0.06746858
max_wind_angle_sin,0.16491699,0.09494526,0.16743667,0.09496566,0.10672917
max_wind_angle_cos,0.20265616,0.48424533,0.64703643,0.58055735,0.40262783
mean_wind_angle_sin,0.22629602,0.19288228,0.36413184,0.65345395,0.61531836
mean_wind_angle_cos,0.11703447,0.13141719,0.08658767,0.10751776,0.13310665
mid_wind_speed,9.035006,7.647769,10.120517,8.993038,9.343044
lag_1_mean_temperature,0.036950856,0.05792382,0.059950978,0.052962616,0.10845121
lag_2_mean_temperature,0.18844748,0.10756174,0.11261277,0.09552067,0.08399289
lag_1_min_temperature,0.092753485,0.15288316,0.07628697,0.0676144,0.15287733
lag_2_min_temperature,0.34373477,0.30923626,0.1759389,0.101261325,0.17710935
lag_1_max_temperature,0.081359364,0.10520544,0.30853733,0.2565603,0.09657449
lag_2_max_temperature,0.07985601,0.047247708,0.0932718,0.07946149,0.08807953
lag_1_mean_humidity,0.075208955,0.07267762,0.13810883,0.15280241,0.0969983
lag_2_mean_humidity,0.16065025,0.17105538,0.081557676,0.09102278,0.068058774
lag_1_min_humidity,0.045710698,0.04348908,0.077629335,0.07465881,0.06129508
lag_2_min_humidity,0.08278179,0.13355246,0.07976415,0.07628821,0.09866072
lag_1_max_humidity,0.053498156,0.092859335,0.10641548,0.06564895,0.07712611
lag_2_max_humidity,0.023815302,0.06918319,0.11417723,0.08598016,0.04357162
lag_1_mean_pressure,0.08025063,0.09397031,0.06416433,0.097827174,0.06714015
lag_2_mean_pressure,0.098575085,0.13266182,0.07784493,0.08664234,0.08848454
lag_1_min_pressure,0.0565399,0.056436863,0.07869589,0.12001865,0.05615445
lag_2_min_pressure,0.09391743,0.11907719,0.11626243,0.09052399,0.13157997
lag_1_max_pressure,0.20527676,0.20326701,0.13134171,0.15548517,0.18695858
lag_2_max_pressure,0.08210658,0.16962725,0.08494175,0.11999719,0.083859645
lag_1_total_precipitation,0.016887201,0.04562928,0.020561922,0.020774968,0.04750662
lag_2_total_precipitation,0.044137217,0.058088556,0.016083524,0.026914503,0.03721563
lag_1_mean_wind_speed,0.06563915,0.050075844,0.038473345,0.035600208,0.051664803
lag_2_mean_wind_speed,0.106701665,0.13647953,0.09064564,0.08493811,0.08536184
lag_1_max_wind_speed,0.3235713,0.21075667,0.19962497,0.27140367,0.24539804
lag_2_max_wind_speed,0.11578426,0.12759279,0.113333054,0.10573327,0.07922262
lag_1_mean_wind_speed_horizontal,0.096318334,0.09536665,0.051381424,0.06132323,0.06203232
lag_2_mean_wind_speed_horizontal,0.07450475,0.121279314,0.069099195,0.12136977,0.17225109
lag_1_mean_wind_speed_vertical,0.4066476,0.22543205,0.22061747,0.08802224,0.20421892
lag_2_mean_wind_speed_vertical,0.21455897,0.06127001,0.04239234,0.096402325,0.19669197
lag_1_max_wind_speed_horizontal,0.09651196,0.0833219,0.17431612,0.078555286,0.077811666
lag_2_max_wind_speed_horizontal,0.20907585,0.14015912,0.17909385,0.17658575,0.086852394
lag_1_max_wind_speed_vertical,0.085553445,0.08229654,0.09504614,0.17050329,0.078250565
lag_2_max_wind_speed_vertical,0.059458204,0.08719912,0.048770502,0.07169564,0.071357906
lag_1_mid_wind_speed,0.18622735,0.182379,0.0981069,0.16476847,0.10767679
lag_2_mid_wind_speed,0.13143021,0.11097504,0.0688228,0.07557994,0.10218434
lag_1_mean_temperature_at_ganos,0.049469475,0.09309444,0.022643628,0.099807285,0.0684306
lag_2_mean_temperature_at_ganos,0.10705081,0.1415274,0.085783444,0.080656454,0.15549333
lag_1_max_temperature_at_ganos,0.11579146,0.097771496,0.13513571,0.12937574,0.1595093
lag_2_max_temperature_at_ganos,0.12804364,0.14875105,0.14415562,0.15023305,0.21044001
lag_1_min_temperature_at_ganos,0.06808646,0.055133846,0.042267576,0.077111274,0.07181072
lag_2_min_temperature_at_ganos,0.11229518,0.08250865,0.10962677,0.09506396,0.13095427
lag_1_mean_humidity_at_ganos,0.07243026,0.039657425,0.059419975,0.08851744,0.087762296
lag_2_mean_humidity_at_ganos,0.08917821,0.080375195,0.070331715,0.081999294,0.07223263
lag_1_max_humidity_at_ganos,0.11426954,0.07445394,0.081228875,0.06925144,0.03571071
lag_2_max_humidity_at_ganos,0.033756264,0.037779514,0.007535792,0.08005319,0.056120276
lag_1_min_humidity_at_ganos,0.08026876,0.06431534,0.07103452,0.12893154,0.098240525
lag_2_min_humidity_at_ganos,0.12537116,0.0779171,0.11184328,0.07332915,0.0970613
lag_1_total_precipitation_at_ganos,0.10807228,0.17082798,0.1255688,0.08297305,0.1095608
lag_2_total_precipitation_at_ganos,0.12027589,0.0767609,0.04299055,0.0908055,0.042725585
day_of_week,0.0764813,0.089019045,0.052350968,0.0828863,0.089541174
day_of_year_sin,1.2431837,1.2873663,1.1876338,1.1308087,1.3142636
day_of_year_cos,0.24456066,0.27443597,0.17270912,0.22750257,0.19938445
season_custom,0.0,0.0,0.001776882,0.0,0.0034373465
season_custom_sin,0.0,0.0,0.0,0.0,0.0
season_custom_cos,0.0,0.0,0.0,0.025602087,0.0064866017
month_1,0.0,0.0108426055,0.0,0.0023159196,0.010901387
month_2,0.04228531,0.026744548,0.08629337,0.037296705,0.031794015
month_3,0.0,0.0,0.0015535259,0.0,0.0
month_4,0.0053374753,0.0,0.009548173,0.0,0.0024033745
month_5,0.0026528644,0.015192638,0.0,0.002898606,0.0062842867
month_6,0.0,0.005509773,0.030080795,0.05191277,0.011951078
month_7,0.0,0.0,0.0026612396,0.0,0.0
month_8,0.006077899,0.0,0.0,0.014588976,0.0055448227
month_9,0.019579863,0.0,0.0,0.0,0.00044138564
month_10,0.0,0.0,0.00080086343,0.0,0.0011932392
month_11,0.0,0.0043786294,0.0073502907,0.014763588,0.0019392774
month_12,0.0044633313,0.003977911,0.0,0.0004370901,0.0008094138
nightdark_hours,0.30196184,0.2655904,0.31191844,0.26739147,0.13804376
sarkoy_temp_mean_to_max_ratio,0.16958985,0.1740669,0.13885224,0.08675794,0.11929154
sarkoy_temp_mean_relative_pos,0.12524197,0.10345675,0.15357651,0.27244225,0.1584895
sarkoy_temp_max_to_mean_ratio,0.11093604,0.06381425,0.056716092,0.035966862,0.066681296
sarkoy_temp_mean_to_min_ratio,0.13673739,0.19063361,0.26283285,0.16716084,0.2740884
sarkoy_hum_mean_to_max_ratio,0.15778449,0.1655267,0.102342635,0.09713267,0.11517718
sarkoy_hum_range,0.072424434,0.115524404,0.083963886,0.0900211,0.0803507
sarkoy_hum_mean_relative_pos,0.24986552,0.13360336,0.12964775,0.11314955,0.18062392
sarkoy_hum_max_to_mean_ratio,0.05097776,0.071410425,0.021819124,0.04257129,0.062149953
sarkoy_hum_mean_to_min_ratio,0.118671745,0.28348482,0.1676376,0.2529594,0.16643158
sarkoy_press_range,0.39866218,0.28526765,0.13312235,0.15299083,0.27260762
sarkoy_press_mean_relative_pos,0.14851755,0.18429069,0.12117077,0.21223256,0.23000026
sarkoy_press_max_to_mean_ratio,0.2781878,0.26949713,0.20108798,0.2041569,0.17006095
sarkoy_press_mean_to_min_ratio,0.27778158,0.21391006,0.29264528,0.322246,0.19299495
sarkoy_wind_mean_to_max_ratio,0.29512274,0.44309452,0.23191011,0.269533,0.20628588
abs_max_wind_speed_horizontal,0.08676211,0.05718741,0.11274972,0.08582653,0.06338768
square_max_wind_speed_horizontal,0.04145411,0.046761442,0.034806006,0.055816617,0.059023183
abs_max_wind_speed_vertical,0.43907404,0.40675756,0.4058245,0.33525053,0.39152244
square_max_wind_speed_vertical,0.21137919,0.2306522,0.07017492,0.10081143,0.158088
abs_mean_wind_speed_horizontal,0.08706196,0.13023335,0.14640121,0.076679096,0.1744456
square_mean_wind_speed_horizontal,0.037053358,0.07383354,0.033390947,0.079220474,0.074519366
abs_mean_wind_speed_vertical,0.2209967,0.09482756,0.096139744,0.15721723,0.15169683
square_mean_wind_speed_vertical,0.045838457,0.027681457,0.02737674,0.03497028,0.030853465
abs_max_speed_cerkezkoy_horizontal,0.17414996,0.12389042,0.38760555,0.27269495,0.19405508
square_max_speed_cerkezkoy_horizontal,0.17158005,0.09116431,0.062104817,0.051165167,0.13053693
abs_max_speed_cerkezkoy_vertical,0.09462637,0.07827238,0.09966225,0.05059192,0.16025907
square_max_speed_cerkezkoy_vertical,0.036048476,0.046971533,0.013953312,0.04443821,0.054978684
abs_mean_speed_cerkezkoy_horizontal,0.16706318,0.09408607,0.18281418,0.2073114,0.18654126
square_mean_speed_cerkezkoy_horizontal,0.060777932,0.097696565,0.048527136,0.117051005,0.11930302
abs_mean_speed_cerkezkoy_vertical,0.05789441,0.07355782,0.07620776,0.076455094,0.09137588
square_mean_speed_cerkezkoy_vertical,0.028196555,0.01743624,0.0021273002,0.016038556,0.06848451
abs_max_speed_meric_horizontal,0.07335352,0.22435226,0.28706652,0.46231914,0.2942595
square_max_speed_meric_horizontal,0.04705944,0.062191825,0.08746173,0.058174755,0.23284096
abs_max_speed_meric_vertical,0.11912466,0.14680599,0.1876446,0.060223028,0.15054744
square_max_speed_meric_vertical,0.047140528,0.038143072,0.05416182,0.09306807,0.14941913
abs_mean_speed_meric_horizontal,0.087014906,0.08088662,0.07611002,0.13497521,0.070565596
square_mean_speed_meric_horizontal,0.021070706,0.04710617,0.01103678,0.039684247,0.05076466
abs_mean_speed_meric_vertical,0.122648075,0.08219432,0.07139857,0.17033869,0.11223613
square_mean_speed_meric_vertical,0.056079607,0.05920576,0.017371306,0.054814257,0.06562667
abs_max_speed_muratli_horizontal,0.12943932,0.23208162,0.20420995,0.2383735,0.14755225
square_max_speed_muratli_horizontal,0.06548718,0.057099458,0.039426517,0.062431503,0.092793
abs_max_speed_muratli_vertical,0.24392512,0.16122206,0.40003285,0.25088695,0.12785031
square_max_speed_muratli_vertical,0.043717906,0.05824456,0.07233526,0.08911999,0.16109227
abs_mean_speed_muratli_horizontal,0.21792643,0.23526746,0.1972883,0.33932948,0.23459826
square_mean_speed_muratli_horizontal,0.08343297,0.114812955,0.05807617,0.051174838,0.09060024
abs_mean_speed_muratli_vertical,0.09284886,0.08750611,0.05926643,0.08409526,0.0969776
square_mean_speed_muratli_vertical,0.059246995,0.065056026,0.07686572,0.059523173,0.05912601
abs_max_speed_kesan_horizontal,0.25304338,0.17765202,0.0794225,0.18775,0.15159972
square_max_speed_kesan_horizontal,0.0739825,0.1014158,0.025331704,0.06231003,0.07939137
abs_max_speed_kesan_vertical,0.10670852,0.16015051,0.19824989,0.29454783,0.20129347
square_max_speed_kesan_vertical,0.16233456,0.16262375,0.039110623,0.20400852,0.09357735
abs_mean_speed_kesan_horizontal,0.10895777,0.13753101,0.1954919,0.31162006,0.26668146
square_mean_speed_kesan_horizontal,0.049078476,0.052607726,0.040387798,0.05955535,0.119082145
abs_mean_speed_kesan_vertical,0.0534094,0.087527424,0.10870682,0.13093792,0.10091536
square_mean_speed_kesan_vertical,0.024003759,0.04240907,0.016036766,0.01890179,0.0642443
abs_max_speed_ipsala_horizontal,0.21190876,0.116348185,0.23156281,0.11868191,0.17893735
square_max_speed_ipsala_horizontal,0.09386742,0.046844605,0.02854119,0.045312576,0.10968047
abs_max_speed_ipsala_vertical,0.48705184,0.6969456,0.8532592,1.1854502,0.88915247
square_max_speed_ipsala_vertical,0.41150156,0.38853922,0.2877838,0.53521615,0.46466926
abs_mean_speed_ipsala_horizontal,0.26551852,0.2736639,0.21903135,0.26831546,0.3349217
square_mean_speed_ipsala_horizontal,0.106972195,0.12473415,0.055263598,0.08448888,0.17616302
abs_mean_speed_ipsala_vertical,0.24969183,0.15104848,0.1867864,0.12511323,0.11937683
square_mean_speed_ipsala_vertical,0.06894046,0.064042956,0.037095185,0.09284977,0.07881684
abs_max_speed_enez_horizontal,0.281245,0.5595294,0.85175157,1.0369489,0.6369777
square_max_speed_enez_horizontal,0.07645882,0.13623227,0.1287657,0.17469414,0.26146415
abs_max_speed_enez_vertical,3.5920022,2.8436465,2.5704958,2.1106095,2.070437
square_max_speed_enez_vertical,1.6305531,1.5618608,0.73557496,1.1628002,2.387781
abs_mean_speed_enez_horizontal,0.18228517,0.4048789,0.7804974,0.6984702,0.28724945
square_mean_speed_enez_horizontal,0.06191063,0.091330335,0.14643347,0.15610504,0.20480366
abs_mean_speed_enez_vertical,0.7500503,0.35874587,0.27280116,0.3782228,0.7531613
square_mean_speed_enez_vertical,0.3405078,0.19235511,0.010371008,0.19695963,0.6355289
abs_max_speed_malkara_horizontal,0.49811947,0.24855936,0.27470094,0.33472627,0.224468
square_max_speed_malkara_horizontal,0.31368488,0.12552616,0.03881201,0.12327761,0.17167443
abs_max_speed_malkara_vertical,0.22469012,0.38807112,0.49549824,0.62967885,0.3692286
square_max_speed_malkara_vertical,0.08098918,0.13367863,0.056913603,0.11530204,0.17116837
abs_mean_speed_malkara_horizontal,0.13320164,0.08029186,0.12101709,0.10129527,0.11440044
square_mean_speed_malkara_horizontal,0.07355241,0.024749331,0.013606273,0.022977686,0.06051756
abs_mean_speed_malkara_vertical,0.1201174,0.24858649,0.24450895,0.26053855,0.19018702
square_mean_speed_malkara_vertical,0.08449125,0.08481116,0.015694665,0.083365396,0.051423322
abs_max_speed_edirne_horizontal,0.16882113,0.14541091,0.12587489,0.14623295,0.11832372
square_max_speed_edirne_horizontal,0.055918775,0.04631867,0.033970453,0.05364641,0.06696613
abs_max_speed_edirne_vertical,0.17881334,0.35560295,0.32412556,0.18708451,0.15270735
square_max_speed_edirne_vertical,0.13169803,0.11694022,0.034049585,0.076093346,0.09314037
abs_mean_speed_edirne_horizontal,0.26951003,0.18608014,0.19806656,0.14816873,0.17240213
square_mean_speed_edirne_horizontal,0.13180538,0.12832095,0.054046564,0.08547607,0.12101142
abs_mean_speed_edirne_vertical,0.32577237,0.14489454,0.24625017,0.32078812,0.19476104
square_mean_speed_edirne_vertical,0.094216816,0.05165609,0.032744538,0.065949336,0.10449637
abs_max_speed_tekirdag_horizontal,0.18323904,0.22773446,0.39714313,0.3399806,0.34916356
square_max_speed_tekirdag_horizontal,0.06680396,0.07715456,0.09635842,0.16136168,0.23763572
abs_max_speed_tekirdag_vertical,0.21327424,0.3489713,0.3704689,0.29933518,0.30834627
square_max_speed_tekirdag_vertical,0.06238559,0.20332694,0.08878795,0.11721393,0.2149063
abs_mean_speed_tekirdag_horizontal,0.26721847,0.15925854,0.16891749,0.094411,0.0944346
square_mean_speed_tekirdag_horizontal,0.13832936,0.0726924,0.028697303,0.026985414,0.06494801
abs_mean_speed_tekirdag_vertical,0.26060182,0.19707409,0.15908565,0.056816325,0.14421219
square_mean_speed_tekirdag_vertical,0.04667012,0.07604754,0.042391438,0.046966698,0.11472731
abs_max_speed_uzunkopru_horizontal,0.13805102,0.118543625,0.11497203,0.2723678,0.19371894
square_max_speed_uzunkopru_horizontal,0.040805873,0.042512137,0.029803157,0.037271775,0.119618565
abs_max_speed_uzunkopru_vertical,0.28956217,0.3329224,0.2250416,0.15630244,0.2296252
square_max_speed_uzunkopru_vertical,0.115104035,0.12605323,0.037657082,0.04855646,0.095164426
abs_mean_speed_uzunkopru_horizontal,0.07528851,0.0797394,0.07634784,0.0779712,0.069172956
square_mean_speed_uzunkopru_horizontal,0.03366005,0.061403085,0.017025411,0.020874415,0.09093802
abs_mean_speed_uzunkopru_vertical,0.07551869,0.14251375,0.08298187,0.11782869,0.06698467
square_mean_speed_uzunkopru_vertical,0.065966375,0.063163064,0.017194215,0.022182453,0.045023944
abs_max_speed_saray_horizontal,0.08106527,0.18334156,0.23141277,0.3629624,0.37866202
square_max_speed_saray_horizontal,0.15995136,0.14448027,0.03565518,0.2849592,0.29881036
abs_max_speed_saray_vertical,0.37903562,0.33086768,0.3422778,0.47278374,0.32450485
square_max_speed_saray_vertical,0.12959906,0.12365055,0.030728072,0.09202101,0.19124544
abs_mean_speed_saray_horizontal,0.18556605,0.12702036,0.12350644,0.079753384,0.16469125
square_mean_speed_saray_horizontal,0.08231681,0.03830303,0.017302286,0.044747643,0.060784433
abs_mean_speed_saray_vertical,0.14888687,0.16364053,0.12869652,0.16691637,0.14684857
square_mean_speed_saray_vertical,0.10128113,0.04434571,0.026079997,0.082787246,0.07128552
abs_max_speed_havsa_horizontal,0.9930157,0.9445145,1.1253984,0.9959825,0.6027204
square_max_speed_havsa_horizontal,0.64792246,0.5305534,0.25627327,0.37178606,0.24982615
abs_max_speed_havsa_vertical,0.10868416,0.117484994,0.3426405,0.3242039,0.2663123
square_max_speed_havsa_vertical,0.032045204,0.07109829,0.03241672,0.112237096,0.067677446
abs_mean_speed_havsa_horizontal,0.48168078,0.69027734,0.4953045,0.30110934,0.18612258
square_mean_speed_havsa_horizontal,0.15472043,0.28034848,0.07583429,0.10624298,0.13096164
abs_mean_speed_havsa_vertical,0.14339899,0.07954062,0.12560248,0.31627214,0.22571059
square_mean_speed_havsa_vertical,0.06996058,0.04195042,0.03411621,0.066372484,0.1303795
abs_max_speed_hayrabolu_horizontal,0.19635196,0.14609616,0.15569918,0.15117244,0.24749933
square_max_speed_hayrabolu_horizontal,0.03796804,0.054607186,0.04814493,0.05276001,0.13592161
abs_max_speed_hayrabolu_vertical,0.12385993,0.07695734,0.14977571,0.09313318,0.14452994
square_max_speed_hayrabolu_vertical,0.12094752,0.074997775,0.0292894,0.045833755,0.04199292
abs_mean_speed_hayrabolu_horizontal,0.14455473,0.11843348,0.13382345,0.21446092,0.2748671
square_mean_speed_hayrabolu_horizontal,0.040147483,0.051818993,0.017768206,0.07633009,0.1153406
abs_mean_speed_hayrabolu_vertical,0.13182695,0.13826793,0.17640653,0.120161556,0.19674575
square_mean_speed_hayrabolu_vertical,0.04423057,0.04526275,0.03458701,0.043118898,0.10402869
abs_max_speed_lalapasa_horizontal,0.21980089,0.30496338,0.16509825,0.21512601,0.16727357
square_max_speed_lalapasa_horizontal,0.07853133,0.10990815,0.039981592,0.09216249,0.089085616
abs_max_speed_lalapasa_vertical,0.3324357,0.23825577,0.33072224,0.41110095,0.42049974
square_max_speed_lalapasa_vertical,0.16424146,0.14041032,0.101565436,0.19425525,0.30600995
abs_mean_speed_lalapasa_horizontal,0.074016884,0.15276928,0.100306176,0.07729156,0.08660107
square_mean_speed_lalapasa_horizontal,0.055802457,0.05513891,0.0075643333,0.07791342,0.05905931
abs_mean_speed_lalapasa_vertical,0.12769453,0.23806311,0.37398583,0.23710188,0.22100013
square_mean_speed_lalapasa_vertical,0.06918988,0.099451736,0.07617343,0.23088841,0.09205019
abs_max_speed_corlu_horizontal,0.12943247,0.1675299,0.2698241,0.4058948,0.50635684
square_max_speed_corlu_horizontal,0.05114771,0.08497617,0.0735331,0.12927201,0.3145602
abs_max_speed_corlu_vertical,0.14519355,0.17518477,0.1376006,0.094946265,0.121541075
square_max_speed_corlu_vertical,0.067258954,0.049584128,0.0380403,0.05837341,0.09426834
abs_mean_speed_corlu_horizontal,0.094721526,0.06948402,0.11143408,0.06902117,0.08512673
square_mean_speed_corlu_horizontal,0.041095015,0.08875285,0.02919956,0.0487427,0.05220983
abs_mean_speed_corlu_vertical,0.05476467,0.15497483,0.07433241,0.08569043,0.08458957
square_mean_speed_corlu_vertical,0.046640262,0.06842725,0.022165783,0.055387057,0.055693418
abs_max_speed_marmara_horizontal,2.6783533,2.678385,3.0828722,3.627716,2.654475
square_max_speed_marmara_horizontal,1.2151256,0.96176744,0.7568741,0.81858045,1.3114957
abs_max_speed_marmara_vertical,0.121995546,0.12742299,0.115711585,0.117890134,0.21128258
square_max_speed_marmara_vertical,0.03788745,0.06742141,0.04050371,0.04468681,0.08391337
abs_mean_speed_marmara_horizontal,0.079887055,0.05929923,0.06549095,0.09400998,0.11588508
square_mean_speed_marmara_horizontal,0.020389983,0.02674864,0.045458216,0.017680384,0.036068782
abs_mean_speed_marmara_vertical,0.14170821,0.12469649,0.24329256,0.13549933,0.07595142
square_mean_speed_marmara_vertical,0.042467494,0.091851145,0.034015074,0.0354685,0.025485126
abs_lag_1_mean_wind_speed_horizontal,0.13664748,0.13608809,0.17382893,0.11006237,0.15454736
square_lag_1_mean_wind_speed_horizontal,0.110143326,0.058895867,0.032209024,0.058118064,0.056734268
abs_lag_2_mean_wind_speed_horizontal,0.15806602,0.32649785,0.1696802,0.21945126,0.15917414
square_lag_2_mean_wind_speed_horizontal,0.08684846,0.10943693,0.024742173,0.059204713,0.094139665
abs_lag_1_mean_wind_speed_vertical,0.1488039,0.19971119,0.075577065,0.06902971,0.12746571
square_lag_1_mean_wind_speed_vertical,0.19985086,0.05980809,0.024978928,0.07487688,0.06786263
abs_lag_2_mean_wind_speed_vertical,0.074797995,0.052214686,0.088423446,0.10614446,0.12300229
square_lag_2_mean_wind_speed_vertical,0.04245112,0.039740488,0.038351335,0.035575517,0.06963351
abs_lag_1_max_wind_speed_horizontal,0.17094207,0.1887354,0.23075396,0.25007197,0.30014467
square_lag_1_max_wind_speed_horizontal,0.05786088,0.066143714,0.027006831,0.04651134,0.13438943
abs_lag_2_max_wind_speed_horizontal,0.1559099,0.14459698,0.24353236,0.1552704,0.091529645
square_lag_2_max_wind_speed_horizontal,0.04464454,0.05444138,0.042422403,0.06841078,0.066474244
abs_lag_1_max_wind_speed_vertical,0.076810606,0.08730587,0.075851776,0.1140465,0.17472796
square_lag_1_max_wind_speed_vertical,0.01976867,0.04001385,0.050083756,0.053154238,0.09467872
abs_lag_2_max_wind_speed_vertical,0.124371424,0.16061443,0.12115645,0.12491049,0.103067115
square_lag_2_max_wind_speed_vertical,0.06160034,0.09052241,0.037444483,0.06877013,0.05694829
air_density,0.25980422,0.10038801,0.11170546,0.05129423,0.09837471
potential_temp_c,0.072037786,0.106438294,0.049846057,0.04985727,0.06277434
wind_power_proxy,0.13146405,0.12025576,0.17944407,0.17405275,0.09008213
diurnal_temp_range,0.12340061,0.43316,0.38678458,0.2915671,0.27324462
dew_point_approx,0.15878208,0.11602202,0.064930186,0.08071548,0.064918585
dryness_index,0.06845778,0.09048453,0.09828983,0.096574746,0.114936374
wind_power_moisture,0.19032335,0.26221538,0.43257552,0.28293827,0.2529031
days_since_high_wind,0.24566048,0.3243349,0.19773233,0.2801333,0.3154352
days_since_low_wind,0.123599716,0.26698786,0.23272932,0.08805456,0.1011307
lunar_sin,0.23937653,0.15878081,0.19000778,0.20623896,0.13611013
lunar_cos,0.31766555,0.20702402,0.53664935,0.36891392,0.14756593
is_full_moon,0.005359222,0.022770643,0.00038607162,0.02482732,0.01058575
is_new_moon,0.0058857384,0.0041736234,0.002202109,0.0,0.005529472
temp_diff_sarkoy_ganos,0.22404449,0.30396414,0.31719407,0.23849426,0.22041251
wind_speed_diff,0.10167252,0.066414475,0.09641124,0.07840495,0.0537409
wind_angle_diff_2,0.11409039,0.08539483,0.10588038,0.06885093,0.0845709
sarkoy_rain_event,0.0037663316,0.0058905794,0.0,0.0,0.0032096729
sarkoy_log_precipitation,0.0,0.050710674,0.0,0.039037053,0.03090165
sarkoy_days_since_last_rain,0.35820675,0.6256846,0.33126208,0.4899657,0.22792101
sarkoy_light_rain,0.0,0.0029780427,0.018881135,0.016560223,0.00797553
sarkoy_moderate_rain,0.010558581,0.016210075,0.0,0.0023474689,0.0057351803
sarkoy_heavy_rain,0.0,0.0,0.0,0.0,0.0
sarkoy_annual_cum_precip,0.1658146,0.1473536,0.104164034,0.20785786,0.17178556
ganos_rain_event,0.020133086,0.0,0.0051112315,0.011048212,0.0010323046
ganos_log_precipitation,0.00895626,0.050753467,0.024820535,0.02343673,0.03052077
ganos_days_since_last_rain,0.038154334,0.07852654,0.027962854,0.0069902157,0.023576641
ganos_light_rain,0.0060448763,0.019160772,0.003747056,0.0013656942,0.01173245
ganos_moderate_rain,0.0,0.0,0.0061542923,0.0030484856,0.0049752197
ganos_heavy_rain,0.0,0.0,0.0,0.0,0.0
ganos_annual_cum_precip,0.20694609,0.18811767,0.22897504,0.12454212,0.11725319
sarkoy_consecutive_rain_event_days,0.0,0.003557369,0.0037073127,0.0017171784,0.03819054
ganos_consecutive_rain_event_days,0.051348723,0.072336026,0.041979935,0.0032023743,0.031601213
is_high_wind_day,0.029449522,0.008300785,0.013115876,0.04737839,0.011875607
consecutive_high_wind_days,0.0056302,0.016398832,0.0009686707,0.010004052,0.015858032
sarkoy_wind_dir_streak,0.577681,0.6911919,0.67514914,0.68872964,0.4038831
humidity_wind_interaction,0.07828041,0.050718866,0.105233595,0.10378085,0.07497802
lag_humidity_wind_interaction,0.06081261,0.09642608,0.07241861,0.06433637,0.06878121
diff_1_mean_pressure,0.3961517,0.40222946,0.5831903,0.59725964,0.52916485
temp_humidity_ratio,0.16915716,0.19170268,0.2839374,0.20124182,0.27953163
sqrt_mean_wind_speed,0.033301458,0.01924031,0.014205201,0.005423253,0.07397799
precip_wind_interaction,0.07709941,0.102188095,0.032266576,0.034314413,0.047754258
lag_1_mean_speed_havsa_horizontal,0.18631709,0.116792805,0.10433513,0.2113915,0.07919136
lag_1_max_speed_havsa_horizontal,0.08188983,0.16819242,0.1487516,0.077673554,0.110303506
lag_1_mean_speed_havsa_vertical,0.045683265,0.053274848,0.051427417,0.05066732,0.06551325
lag_1_max_speed_havsa_vertical,0.13692029,0.10791028,0.18102938,0.14551184,0.08641328
lag_1_mean_speed_lalapasa_horizontal,0.27408043,0.12192568,0.1690183,0.11399545,0.115610674
lag_1_max_speed_lalapasa_horizontal,0.054109015,0.09290554,0.11590635,0.120167226,0.1410403
lag_1_mean_speed_lalapasa_vertical,0.10079643,0.12783714,0.06564466,0.08665552,0.115777545
lag_1_max_speed_lalapasa_vertical,0.24757253,0.20349878,0.17638634,0.10641811,0.18434979
lag_1_mean_speed_tekirdag_horizontal,0.08351853,0.1024753,0.089961864,0.12821303,0.11810067
lag_1_max_speed_tekirdag_horizontal,0.11691493,0.15371744,0.05802805,0.10788781,0.060638767
lag_1_mean_speed_tekirdag_vertical,0.13648869,0.22542833,0.28688315,0.28656378,0.2743602
lag_1_max_speed_tekirdag_vertical,0.04249724,0.08124541,0.09606834,0.10858436,0.1780273
lag_1_mean_speed_corlu_horizontal,0.06297984,0.1210798,0.13559857,0.15154068,0.14848416
lag_1_max_speed_corlu_horizontal,0.08314827,0.17374258,0.27333003,0.21176562,0.109561935
lag_1_mean_speed_corlu_vertical,0.08089366,0.12237869,0.09873678,0.101462744,0.104944676
lag_1_max_speed_corlu_vertical,0.07522262,0.04224248,0.07043826,0.043546293,0.05045224
lag_1_mean_speed_meric_horizontal,0.15297025,0.081612706,0.19909444,0.15536785,0.22080742
lag_1_max_speed_meric_horizontal,0.10138878,0.25663096,0.26669645,0.21299525,0.25221878
lag_1_mean_speed_meric_vertical,0.08169027,0.06319641,0.0384274,0.07696549,0.058881015
lag_1_max_speed_meric_vertical,0.1574611,0.17445084,0.121015064,0.18911141,0.12812224
lag_1_mean_speed_kesan_horizontal,0.07121649,0.075180426,0.25461137,0.17584838,0.16533783
lag_1_max_speed_kesan_horizontal,0.073925085,0.07876437,0.11099587,0.074353725,0.067180134
lag_1_mean_speed_kesan_vertical,0.10676422,0.057725757,0.06289276,0.068845145,0.06260512
lag_1_max_speed_kesan_vertical,0.07919837,0.17824629,0.07421251,0.09262298,0.06588821
lag_1_mean_speed_cerkezkoy_horizontal,0.23393935,0.12496889,0.10848023,0.1823038,0.121124476
lag_1_max_speed_cerkezkoy_horizontal,0.06921194,0.12670824,0.052070837,0.0922523,0.087643705
lag_1_mean_speed_cerkezkoy_vertical,0.09272905,0.13786747,0.093525745,0.064408466,0.11569965
lag_1_max_speed_cerkezkoy_vertical,0.19728106,0.06419998,0.18007508,0.11840553,0.11442262
lag_1_mean_speed_muratli_horizontal,0.05968972,0.08261561,0.10350012,0.08162784,0.07557229
lag_1_max_speed_muratli_horizontal,0.05580618,0.062874675,0.06501895,0.06673282,0.06610782
lag_1_mean_speed_muratli_vertical,0.044328123,0.11352214,0.059793483,0.07243042,0.050012585
lag_1_max_speed_muratli_vertical,0.04170249,0.062323898,0.08810065,0.10501798,0.08786143
lag_1_mean_speed_ipsala_horizontal,0.11255609,0.07699984,0.08585637,0.0745387,0.06590939
lag_1_max_speed_ipsala_horizontal,0.08514767,0.055122174,0.056304708,0.114991695,0.088578776
lag_1_mean_speed_ipsala_vertical,0.14022028,0.14471361,0.088570274,0.10145414,0.042735994
lag_1_max_speed_ipsala_vertical,0.18157898,0.12941247,0.10623819,0.10770585,0.1327272
lag_1_mean_speed_enez_horizontal,0.14168015,0.07506309,0.11241263,0.13021417,0.0800698
lag_1_max_speed_enez_horizontal,0.0999645,0.0867181,0.3317467,0.27750698,0.114867516
lag_1_mean_speed_enez_vertical,0.09621428,0.07809734,0.07829633,0.07863955,0.060195915
lag_1_max_speed_enez_vertical,0.09141556,0.111002,0.06766153,0.12481684,0.067569405
lag_1_mean_speed_malkara_horizontal,0.14434314,0.07636794,0.08108719,0.044097256,0.07072499
lag_1_max_speed_malkara_horizontal,0.064306065,0.19963337,0.1048036,0.13299395,0.104837164
lag_1_mean_speed_malkara_vertical,0.0916174,0.07412505,0.112618975,0.22604845,0.09371566
lag_1_max_speed_malkara_vertical,0.09812575,0.113223694,0.07940541,0.08048387,0.07011514
lag_1_mean_speed_uzunkopru_horizontal,0.10629316,0.086146735,0.07325303,0.06286789,0.06730984
lag_1_max_speed_uzunkopru_horizontal,0.09759722,0.093721785,0.10146421,0.11106559,0.14141911
lag_1_mean_speed_uzunkopru_vertical,0.08053839,0.03859687,0.049875382,0.12557071,0.044084284
lag_1_max_speed_uzunkopru_vertical,0.27825743,0.29632166,0.24582781,0.23207846,0.2279535
lag_1_mean_speed_saray_horizontal,0.04404069,0.08265397,0.15973721,0.10727362,0.20359752
lag_1_max_speed_saray_horizontal,0.04868486,0.067662574,0.09468192,0.06435858,0.092075035
lag_1_mean_speed_saray_vertical,0.08395025,0.08775163,0.14827372,0.1438479,0.1759641
lag_1_max_speed_saray_vertical,0.19062302,0.1752769,0.19642971,0.29227868,0.16358219
lag_1_mean_speed_marmara_horizontal,0.088233,0.14911604,0.11093805,0.0994251,0.1250646
lag_1_max_speed_marmara_horizontal,0.19716588,0.17142111,0.05326695,0.14576985,0.07487782
lag_1_mean_speed_marmara_vertical,0.101370744,0.13119473,0.12481245,0.11261262,0.10752087
lag_1_max_speed_marmara_vertical,0.117286704,0.13215409,0.19721612,0.25274956,0.17580782
lag_1_mean_speed_edirne_horizontal,0.11588701,0.067459,0.13148052,0.100596845,0.09832515
lag_1_max_speed_edirne_horizontal,0.11314339,0.12341374,0.10538183,0.15066822,0.16967717
lag_1_mean_speed_edirne_vertical,0.04427447,0.1230228,0.062034655,0.08383734,0.084241025
lag_1_max_speed_edirne_vertical,0.12832151,0.15383722,0.21290661,0.1623769,0.24676797
lag_1_mean_speed_hayrabolu_horizontal,0.045164354,0.08972773,0.09745024,0.11807044,0.11421269
lag_1_max_speed_hayrabolu_horizontal,0.087273285,0.08482594,0.29185516,0.18291458,0.14415616
lag_1_mean_speed_hayrabolu_vertical,0.05115215,0.053204082,0.04578854,0.034409095,0.046779532
lag_1_max_speed_hayrabolu_vertical,0.081229396,0.0533661,0.08649613,0.08018593,0.08195493
hum_diff_sarkoy_ganos,0.10993733,0.04020109,0.104304075,0.10311128,0.060503278
temp_diff_sarkoy_ganos_lag_1,0.4423267,0.25877687,0.27760038,0.21410455,0.27660698
temp_diff_sarkoy_ganos_lag_2,0.11441159,0.08388024,0.09991963,0.06283288,0.12404843
hum_diff_sarkoy_ganos_lag_1,0.076033525,0.0842312,0.06944273,0.059381634,0.069783784
hum_diff_sarkoy_ganos_lag_2,0.1328912,0.083343804,0.10672739,0.074176915,0.059003282
mean_wind_speed_roll_3_volatility,0.32000622,0.2658896,0.17656533,0.25583676,0.28646207
mean_wind_speed_ema_3,0.20745006,0.11325673,0.22727594,0.16999453,0.1171947
mean_wind_speed_roll_7_volatility,0.113656126,0.10762923,0.116901025,0.099784516,0.0928178
mean_wind_speed_ema_7,0.37742707,0.19503391,0.2969628,0.35408404,0.36167264
mean_wind_speed_dev_from_ema_7,0.08909746,0.07897417,0.09120019,0.0963194,0.1068349
mean_wind_speed_roll_14_volatility,0.11836654,0.06604702,0.07250425,0.12578042,0.19866073
mean_wind_speed_ema_14,0.18840644,0.13860719,0.3031578,0.2310473,0.10064971
mean_wind_speed_dev_from_ema_14,0.11568165,0.07531036,0.05299383,0.0779299,0.08352465
mean_wind_speed_roll_21_volatility,0.1886299,0.08574916,0.10007316,0.12716816,0.09362487
mean_wind_speed_ema_21,0.09448422,0.12143767,0.19280091,0.16766642,0.089275576
mean_wind_speed_dev_from_ema_21,0.059932843,0.05609139,0.049555298,0.0644539,0.061561763
mean_wind_speed_roll_30_volatility,0.08667839,0.071331374,0.064479746,0.096095264,0.07628898
mean_wind_speed_ema_30,0.16419025,0.15798393,0.09099053,0.09127845,0.11839979
mean_wind_speed_dev_from_ema_30,0.043542985,0.17318545,0.07559087,0.12311293,0.0597784
log_mean_wind_speed,0.06217301,0.06160937,0.0,0.038022988,0.16946712
wind_season_sin_interaction,0.11714753,0.096683905,0.1180734,0.11312224,0.13452436
wind_season_cos_interaction,0.1770314,0.22556682,0.28779742,0.23242578,0.34766728
corr_sarkoy_havsa_horizontal,0.12569907,0.08219414,0.09497423,0.14910403,0.089363255
corr_sarkoy_lalapasa_horizontal,0.29126713,0.27393663,0.16175318,0.08776001,0.22215576
corr_sarkoy_tekirdag_horizontal,0.4043823,0.31711352,0.25231996,0.19388546,0.15817311
corr_sarkoy_corlu_horizontal,0.0738578,0.04400372,0.10295452,0.06726707,0.0711452
corr_sarkoy_meric_horizontal,0.12780508,0.1556011,0.11608991,0.10342976,0.11875923
corr_sarkoy_kesan_horizontal,0.08152311,0.1695389,0.1394473,0.089872375,0.070465885
corr_sarkoy_cerkezkoy_horizontal,0.0824044,0.09949004,0.06873135,0.0785737,0.06446723
corr_sarkoy_muratli_horizontal,0.074666806,0.124298126,0.11026076,0.12739018,0.086542025
corr_sarkoy_ipsala_horizontal,0.5371681,0.39841124,0.38960466,0.3273852,0.30567658
corr_sarkoy_enez_horizontal,0.18814914,0.19915342,0.2034333,0.2141715,0.2244954
corr_sarkoy_malkara_horizontal,0.08635294,0.08620741,0.11069354,0.07272265,0.07343581
corr_sarkoy_uzunkopru_horizontal,0.08458494,0.16428083,0.10872606,0.07804312,0.12271422
corr_sarkoy_saray_horizontal,0.11333979,0.07233543,0.05633761,0.083985224,0.06757287
corr_sarkoy_marmara_horizontal,0.14591351,0.16992447,0.09733801,0.12953398,0.10835808
corr_sarkoy_edirne_horizontal,0.16554858,0.09952912,0.19295955,0.14220801,0.11753793
corr_sarkoy_hayrabolu_horizontal,0.10060677,0.09935428,0.16440444,0.17738229,0.09287215
cube_mean_wind_speed,0.021992173,0.0019528827,0.0,0.0,0.16999339
pressure_humidity_interaction,0.17086981,0.1035676,0.0708763,0.11977135,0.2115107
vol_season_sin_3,0.18686827,0.094745666,0.14689752,0.2169659,0.14731427
vol_season_cos_3,0.119681396,0.186745,0.24770615,0.26578754,0.27382132
vol_season_sin_30,0.2086652,0.14729358,0.13798015,0.118614525,0.16553512
vol_season_cos_30,0.35592535,0.32515714,0.5675513,0.8465935,0.5507021
wind_speed_ratio,0.10398149,0.15195914,0.10203148,0.09511447,0.07039098
temp_precip_interaction,0.13487628,0.045801897,0.051706403,0.13574688,0.07797701
sarkoy_mean_wind_dir_cat_E,0.0,0.0,0.0,0.0,0.033441458
sarkoy_mean_wind_dir_cat_N,0.006042577,0.002631963,0.0,0.037283957,0.002581998
sarkoy_mean_wind_dir_cat_NE,0.0032080368,0.0125147365,0.008919816,0.0,0.0022402732
sarkoy_mean_wind_dir_cat_NW,0.004157721,0.0,0.01685827,0.0027274075,0.0028262231
sarkoy_mean_wind_dir_cat_S,0.0,0.0,0.0,0.0,0.0
sarkoy_mean_wind_dir_cat_SE,0.0,0.0,0.0,0.0,0.0
sarkoy_mean_wind_dir_cat_SW,0.0,0.016091578,0.0,0.0,0.0034170083
sarkoy_mean_wind_dir_cat_W,0.0,0.0,0.0,0.0,0.0020639903
lag1_sarkoy_mean_wind_dir_cat_E,0.0,0.001401053,0.0041796025,0.0,0.0090598585
lag1_sarkoy_mean_wind_dir_cat_N,0.04577656,0.0,0.014650918,0.0011353394,0.0428817
lag1_sarkoy_mean_wind_dir_cat_NE,0.013038557,0.01258533,0.009988589,0.0,0.007776456
lag1_sarkoy_mean_wind_dir_cat_NW,0.0,0.004742702,0.0009369332,0.0010153516,0.0
lag1_sarkoy_mean_wind_dir_cat_S,0.0,0.0,0.0,0.0,0.0
lag1_sarkoy_mean_wind_dir_cat_SE,0.0,0.0,0.0,0.0,0.0
lag1_sarkoy_mean_wind_dir_cat_SW,0.0,0.0,0.0,0.0,0.0
lag1_sarkoy_mean_wind_dir_cat_W,0.0,0.007089027,0.0018485019,0.006350823,0.0
wind_dir_cat_concat_E_E,0.0,0.0,0.0,0.0,0.0
wind_dir_cat_concat_E_N,0.0,0.0,0.0,0.0,0.0
wind_dir_cat_concat_E_NE,0.0,0.0,0.0031501888,0.0,0.005280964
wind_dir_cat_concat_E_NW,0.0,0.0,0.0,0.0,0.0
wind_dir_cat_concat_E_S,0.0,0.0,0.0,0.0,0.0
wind_dir_cat_concat_E_SE,0.0,0.0,0.0,0.0,0.0
wind_dir_cat_concat_E_SW,0.0,0.0,0.0,0.0,0.0
wind_dir_cat_concat_E_W,0.0,0.0,0.0,0.0,0.0
wind_dir_cat_concat_NE_E,0.0,0.0,0.0,0.0,0.0
wind_dir_cat_concat_NE_N,0.011178167,0.0,0.006945598,0.0,0.009711275
wind_dir_cat_concat_NE_NE,0.007132115,0.0,0.041958682,0.0,0.0054490333
wind_dir_cat_concat_NE_NW,0.0,0.0,0.0018278399,0.0,0.0
wind_dir_cat_concat_NE_S,0.0,0.0,0.0,0.0,0.0
wind_dir_cat_concat_NE_SE,0.0,0.0,0.0,0.0,0.0
wind_dir_cat_concat_NE_SW,0.0,0.0,0.0,0.0,0.0
wind_dir_cat_concat_NE_W,0.0,0.0,0.0021545726,0.0,0.0
wind_dir_cat_concat_NW_E,0.0,0.0,0.0,0.0,0.0
wind_dir_cat_concat_NW_N,0.0,0.0,0.0,0.0,0.006568629
wind_dir_cat_concat_NW_NE,0.0,0.0,0.0,0.0,0.0
wind_dir_cat_concat_NW_NW,0.0,0.0,0.0,0.0,0.0
wind_dir_cat_concat_NW_S,0.0,0.0,0.0,0.0,0.0
wind_dir_cat_concat_NW_SE,0.0,0.0,0.0,0.0,0.0
wind_dir_cat_concat_NW_SW,0.0,0.0,0.0,0.0,0.0
wind_dir_cat_concat_NW_W,0.0,0.0,0.0,0.0,0.0
wind_dir_cat_concat_N_E,0.0,0.0,0.0,0.0,0.0
wind_dir_cat_concat_N_N,0.15833509,0.08397369,0.35662585,0.10877868,0.053491794
wind_dir_cat_concat_N_NE,0.0,0.036932558,0.0015142022,0.0035767842,0.0057775974
wind_dir_cat_concat_N_NW,0.0,0.0,0.007925327,0.01026767,0.0041309604
wind_dir_cat_concat_N_S,0.0,0.0,0.0,0.0,0.0
wind_dir_cat_concat_N_SE,0.0,0.0,0.0,0.0,0.0
wind_dir_cat_concat_N_SW,0.0,0.0,0.0,0.0,0.0
wind_dir_cat_concat_N_W,0.0,0.0,0.0,0.0,0.003408631
wind_dir_cat_concat_SE_E,0.0,0.0,0.0,0.0,0.0
wind_dir_cat_concat_SE_N,0.0,0.0,0.0,0.0,0.0
wind_dir_cat_concat_SE_NE,0.0,0.0,0.0,0.0,0.0
wind_dir_cat_concat_SE_NW,0.0,0.0,0.0,0.0,0.0
wind_dir_cat_concat_SE_S,0.0,0.0,0.0,0.0,0.0
wind_dir_cat_concat_SE_SW,0.0,0.0,0.0,0.0,0.0
wind_dir_cat_concat_SE_W,0.0,0.0,0.0,0.0,0.0
wind_dir_cat_concat_SW_E,0.0,0.0,0.0,0.0,0.0
wind_dir_cat_concat_SW_N,0.0,0.0,0.0,0.0,0.0
wind_dir_cat_concat_SW_NE,0.0,0.0,0.0,0.0,0.0
wind_dir_cat_concat_SW_NW,0.0,0.0,0.0,0.0,0.0
wind_dir_cat_concat_SW_S,0.0,0.0,0.0,0.0,0.0
wind_dir_cat_concat_SW_SW,0.0,0.0,0.0,0.0,0.0
wind_dir_cat_concat_SW_W,0.0,0.0,0.0,0.0,0.0
wind_dir_cat_concat_S_E,0.0,0.0,0.0,0.0,0.0
wind_dir_cat_concat_S_N,0.0,0.0,0.0,0.0,0.0
wind_dir_cat_concat_S_NE,0.0,0.0,0.0,0.0,0.0
wind_dir_cat_concat_S_NW,0.0,0.0,0.0,0.0,0.0
wind_dir_cat_concat_S_S,0.0,0.0,0.0,0.0,0.0
wind_dir_cat_concat_S_SE,0.0,0.0,0.0,0.0,0.0
wind_dir_cat_concat_S_SW,0.0,0.0,0.0,0.0,0.0
wind_dir_cat_concat_S_W,0.0,0.0,0.0,0.0,0.0
wind_dir_cat_concat_W_E,0.0,0.0,0.0,0.0,0.0
wind_dir_cat_concat_W_N,0.0,0.0,0.0,0.0,0.0
wind_dir_cat_concat_W_NE,0.0,0.0,0.0,0.0008812987,0.0
wind_dir_cat_concat_W_NW,0.0,0.0,0.0,0.0,0.00082186394
wind_dir_cat_concat_W_S,0.0,0.0,0.0,0.0,0.0
wind_dir_cat_concat_W_SE,0.0,0.0,0.0,0.0,0.0
wind_dir_cat_concat_W_SW,0.0,0.0,0.0,0.0,0.0
wind_dir_cat_concat_W_W,0.0,0.0015638443,0.00821703,0.00176609,0.0010161415
vol_season_sin_7,0.15423733,0.06459719,0.0994292,0.07901543,0.09521808
vol_season_cos_7,0.25981188,0.35834086,0.57005626,0.40606686,0.49547786
vol_season_sin_14,0.13509668,0.15622386,0.08533642,0.06288326,0.1030116
vol_season_cos_14,0.21311572,0.35911182,0.1785831,0.2803047,0.6179557
wind_speed_momentum,0.12629963,0.30132908,0.19058254,0.1983958,0.13720319
total_precipitation_roll_7_volatility,0.12731512,0.16374286,0.16706483,0.11890849,0.11521396
