station,variable,missing_pct,longest_gap_days
Şarköy,max_pressure,1.4750251424740195,30
Şarköy,max_humidity,0.23466309084813944,3
Şarköy,max_wind_speed,0.2011397921555481,2
Şarköy,max_wind_angle,0.2011397921555481,2
Şarköy,max_temperature,0.2011397921555481,3
Şarköy,min_pressure,1.4750251424740195,30
Şarköy,min_humidity,0.23466309084813944,3
Şarköy,min_temperature,0.2011397921555481,3
Şarköy,mean_pressure,1.4750251424740195,30
Şarköy,mean_humidity,0.23466309084813944,3
Şarköy,mean_wind_speed,0.23466309084813944,3
Şarköy,mean_wind_angle,0.23466309084813944,3
Şarköy,mean_temperature,0.23466309084813944,3
Şarköy,total_precipitation,0.16761649346295676,3
Ganos,max_humidity_at_ganos,0.9386523633925578,9
Ganos,max_temperature_at_ganos,1.0727455581629233,9
Ganos,min_humidity_at_ganos,0.9386523633925578,9
Ganos,min_temperature_at_ganos,1.0727455581629233,9
Ganos,mean_humidity_at_ganos,0.9386523633925578,9
Ganos,mean_temperature_at_ganos,0.9386523633925578,9
Ganos,total_precipitation_at_ganos,0.6369426751592357,8
Çerkezköy,mean_speed_cerkezkoy,6.000670465973852,109
Çerkezköy,max_speed_cerkezkoy,7.073416024136775,109
Çerkezköy,mean_wind_angle_cerkezkoy,7.073416024136775,109
Çerkezköy,max_wind_angle_cerkezkoy,7.073416024136775,109
Hamzabeyli,mean_speed_hamzebeyli,15.890043580288301,426
Hamzabeyli,max_speed_hamzebeyli,15.990613476366075,426
Hamzabeyli,mean_wind_angle_hamzebeyli,15.990613476366075,426
Hamzabeyli,max_wind_angle_hamzebeyli,15.990613476366075,426
Meriç,mean_speed_meric,0.8045591686221925,15
Meriç,max_speed_meric,0.8045591686221925,15
Meriç,mean_wind_angle_meric,0.8716057660073752,15
Meriç,max_wind_angle_meric,0.8380824673147838,15
Muratlı,mean_speed_muratli,0.670465973851827,8
Muratlı,max_speed_muratli,0.670465973851827,7
Muratlı,mean_wind_angle_muratli,0.670465973851827,8
Muratlı,max_wind_angle_muratli,0.670465973851827,7
Keşan,mean_speed_kesan,2.6483405967147164,51
Keşan,max_speed_kesan,2.614817298022125,51
Keşan,mean_wind_angle_kesan,2.681863895407308,51
Keşan,max_wind_angle_kesan,2.6483405967147164,51
İpsala,mean_speed_ipsala,3.6875628561850484,18
İpsala,max_speed_ipsala,3.8551793496480053,18
İpsala,mean_wind_angle_ipsala,3.922225947033188,18
İpsala,max_wind_angle_ipsala,3.922225947033188,18
Enez,mean_speed_enez,0.4358028830036876,6
Enez,max_speed_enez,0.4358028830036876,6
Enez,mean_wind_angle_enez,0.4693261816962789,6
Enez,max_wind_angle_enez,0.4358028830036876,6
Malkara,mean_speed_malkara,2.212537713711029,18
Malkara,max_speed_malkara,2.380154207173986,18
Malkara,mean_wind_angle_malkara,2.4136775058665774,18
Malkara,max_wind_angle_malkara,2.380154207173986,18
Edirne,mean_speed_edirne,0.0,0
Edirne,max_speed_edirne,0.0,0
Edirne,mean_wind_angle_edirne,0.670465973851827,15
Edirne,max_wind_angle_edirne,0.0,0
Tekirdağ,mean_speed_tekirdag,0.0,0
Tekirdağ,max_speed_tekirdag,0.0,0
Tekirdağ,mean_wind_angle_tekirdag,0.0,0
Tekirdağ,max_wind_angle_tekirdag,0.0,0
Uzunköprü,mean_speed_uzunkopru,1.3074086490110626,20
Uzunköprü,max_speed_uzunkopru,1.4750251424740195,21
Uzunköprü,mean_wind_angle_uzunkopru,1.5085484411666108,21
Uzunköprü,max_wind_angle_uzunkopru,1.4750251424740195,21
Saray,mean_speed_saray,2.212537713711029,20
Saray,max_speed_saray,2.179014415018438,20
Saray,mean_wind_angle_saray,2.2460610124036204,20
Saray,max_wind_angle_saray,2.212537713711029,20
Havsa,mean_speed_havsa,1.542071739859202,9
Havsa,max_speed_havsa,1.6426416359369762,10
Havsa,mean_wind_angle_havsa,1.6761649346295675,10
Havsa,max_wind_angle_havsa,1.6426416359369762,10
Hayrabolu,mean_speed_hayrabolu,0.30170968823332217,4
Hayrabolu,max_speed_hayrabolu,0.2681863895407308,4
Hayrabolu,mean_wind_angle_hayrabolu,0.30170968823332217,4
Hayrabolu,max_wind_angle_hayrabolu,0.2681863895407308,4
Lalapaşa,mean_speed_lalapasa,0.4022795843110962,4
Lalapaşa,max_speed_lalapasa,0.3687562856185049,4
Lalapaşa,mean_wind_angle_lalapasa,0.4022795843110962,4
Lalapaşa,max_wind_angle_lalapasa,0.3687562856185049,4
Çorlu,mean_speed_corlu,2.48072410325176,18
Çorlu,max_speed_corlu,5.095541401273886,73
Çorlu,mean_wind_angle_corlu,2.748910492792491,18
Çorlu,max_wind_angle_corlu,5.129064699966477,73
Marmara Ereğlisi,mean_speed_marmara,0.5698960777740529,8
Marmara Ereğlisi,max_speed_marmara,0.6034193764666443,8
Marmara Ereğlisi,mean_wind_angle_marmara,0.6034193764666443,8
Marmara Ereğlisi,max_wind_angle_marmara,0.6034193764666443,8
Kemal,mean_speed_kemal,15.688903788132752,426
Kemal,max_speed_kemal,15.688903788132752,426
Kemal,mean_wind_angle_kemal,15.688903788132752,426
Kemal,max_wind_angle_kemal,15.688903788132752,426
Havalimanı,mean_speed_havalimani,13.107609788803218,121
Havalimanı,max_speed_havalimani,32.61816962789138,742
Havalimanı,mean_wind_angle_havalimani,13.275226282266175,122
Havalimanı,max_wind_angle_havalimani,32.61816962789138,742
