station,start,end,days,kind,test_year_days,variables
Çerkezköy,2024-06-24,2024-10-10,109,internal,109,8
Çorlu,2024-10-20,2024-12-31,73,trailing,73,4
Keşan,2018-12-02,2019-01-21,51,internal,0,8
Çerkezköy,2024-04-06,2024-05-15,40,internal,40,8
Şarköy,2020-10-02,2020-10-31,30,internal,0,3
Çerkezköy,2023-02-14,2023-03-07,22,internal,0,7
Uzunköprü,2023-11-07,2023-11-27,21,internal,0,7
Uzunköprü,2023-11-08,2023-11-27,20,internal,0,1
Saray,2024-05-22,2024-06-10,20,internal,20,8
Malkara,2024-09-19,2024-10-06,18,internal,18,8
İpsala,2021-10-16,2021-11-02,18,internal,0,8
Çorlu,2019-02-15,2019-03-04,18,internal,0,8
Çorlu,2021-03-20,2021-04-05,17,internal,0,8
İpsala,2018-02-06,2018-02-21,16,internal,0,6
İpsala,2017-02-06,2017-02-21,16,internal,0,8
Edirne,2023-07-02,2023-07-16,15,internal,0,3
Meriç,2021-10-20,2021-11-03,15,internal,0,8
İpsala,2018-02-07,2018-02-21,15,internal,0,2
Keşan,2020-01-01,2020-01-15,15,internal,0,6
Keşan,2020-01-02,2020-01-15,14,internal,0,2
Malkara,2023-10-27,2023-11-09,14,internal,0,8
Çerkezköy,2024-02-15,2024-02-26,12,internal,12,8
Malkara,2024-09-07,2024-09-17,11,internal,11,8
İpsala,2024-06-27,2024-07-07,11,internal,11,8
İpsala,2021-12-30,2022-01-09,11,internal,0,8
Çorlu,2020-02-23,2020-03-04,11,internal,0,7
Saray,2024-10-14,2024-10-24,11,internal,11,8
Saray,2024-10-31,2024-11-10,11,internal,11,8
Çorlu,2020-02-24,2020-03-04,10,internal,0,1
Havsa,2017-01-09,2017-01-18,10,internal,0,7
Havsa,2018-01-09,2018-01-18,10,internal,0,7
Havsa,2017-01-10,2017-01-18,9,internal,0,1
Ganos,2022-01-08,2022-01-16,9,internal,0,6
Havsa,2018-01-10,2018-01-18,9,internal,0,1
Ganos,2022-01-09,2022-01-16,8,internal,0,1
Havsa,2018-08-19,2018-08-26,8,internal,0,8
Muratlı,2017-12-07,2017-12-14,8,internal,0,4
Saray,2017-12-07,2017-12-14,8,internal,0,4
Saray,2024-12-17,2024-12-24,8,internal,8,8
Meriç,2017-12-07,2017-12-14,8,internal,0,4
Malkara,2023-10-10,2023-10-17,8,internal,0,7
Keşan,2017-12-07,2017-12-14,8,internal,0,4
Marmara Ereğlisi,2023-06-06,2023-06-13,8,internal,0,8
İpsala,2018-03-14,2018-03-20,7,internal,0,6
Malkara,2023-10-11,2023-10-17,7,internal,0,1
Keşan,2017-12-07,2017-12-13,7,internal,0,4
Muratlı,2017-12-07,2017-12-13,7,internal,0,4
Saray,2017-12-07,2017-12-13,7,internal,0,4
Çorlu,2020-02-15,2020-02-21,7,internal,0,6
Meriç,2017-12-07,2017-12-13,7,internal,0,4
Şarköy,2020-02-03,2020-02-09,7,internal,0,3
İpsala,2017-03-14,2017-03-20,7,internal,0,8
Enez,2022-02-02,2022-02-07,6,internal,0,8
Malkara,2020-01-29,2020-02-03,6,internal,0,7
Muratlı,2023-10-12,2023-10-17,6,internal,0,8
Çorlu,2020-02-16,2020-02-21,6,internal,0,2
İpsala,2018-03-15,2018-03-20,6,internal,0,2
Çorlu,2020-01-29,2020-02-03,6,internal,0,3
Malkara,2023-08-15,2023-08-20,6,internal,0,7
Uzunköprü,2022-12-06,2022-12-11,6,internal,0,8
Ganos,2018-08-10,2018-08-15,6,internal,0,6
Malkara,2020-01-30,2020-02-03,5,internal,0,1
Çerkezköy,2021-05-12,2021-05-16,5,internal,0,7
Malkara,2020-01-15,2020-01-19,5,internal,0,7
Marmara Ereğlisi,2023-06-15,2023-06-19,5,internal,0,7
Uzunköprü,2020-01-15,2020-01-19,5,internal,0,7
Çorlu,2023-04-27,2023-05-01,5,internal,0,8
Çorlu,2020-01-30,2020-02-03,5,internal,0,1
İpsala,2020-01-15,2020-01-19,5,internal,0,7
Çorlu,2020-01-29,2020-02-02,5,internal,0,4
Keşan,2020-01-17,2020-01-21,5,internal,0,8
Malkara,2023-08-16,2023-08-20,5,internal,0,1
Edirne,2023-06-23,2023-06-27,5,internal,0,3
Lalapaşa,2021-03-13,2021-03-16,4,internal,0,8
Malkara,2020-01-16,2020-01-19,4,internal,0,1
Hayrabolu,2023-11-30,2023-12-03,4,internal,0,8
Havsa,2020-01-26,2020-01-29,4,internal,0,8
Havsa,2019-01-26,2019-01-29,4,internal,0,8
Marmara Ereğlisi,2023-06-16,2023-06-19,4,internal,0,1
Çorlu,2020-01-15,2020-01-18,4,internal,0,7
Uzunköprü,2020-01-16,2020-01-19,4,internal,0,1
İpsala,2024-06-08,2024-06-11,4,internal,4,8
Çorlu,2024-03-08,2024-03-11,4,internal,4,8
Çerkezköy,2021-05-13,2021-05-16,4,internal,0,1
İpsala,2020-01-16,2020-01-19,4,internal,0,1
İpsala,2018-03-23,2018-03-26,4,internal,0,8
Hayrabolu,2017-09-24,2017-09-26,3,internal,0,4
Ganos,2022-03-26,2022-03-28,3,internal,0,6
Havsa,2017-09-24,2017-09-26,3,internal,0,4
Ganos,2020-10-29,2020-10-31,3,internal,0,2
Ganos,2022-02-25,2022-02-27,3,internal,0,7
Marmara Ereğlisi,2021-10-29,2021-10-31,3,internal,0,8
Enez,2017-09-24,2017-09-26,3,internal,0,4
Enez,2019-10-27,2019-10-29,3,internal,0,7
Şarköy,2017-09-24,2017-09-26,3,internal,0,14
Saray,2024-08-30,2024-09-01,3,internal,3,8
Uzunköprü,2017-03-25,2017-03-27,3,internal,0,8
Çerkezköy,2022-12-02,2022-12-04,3,internal,0,7
Çerkezköy,2023-01-08,2023-01-10,3,internal,0,7
Lalapaşa,2017-09-24,2017-09-26,3,internal,0,4
Çorlu,2020-01-16,2020-01-18,3,internal,0,1
İpsala,2024-06-17,2024-06-19,3,internal,3,8
Muratlı,2024-08-03,2024-08-05,3,internal,3,8
Çerkezköy,2021-05-18,2021-05-20,3,internal,0,7
Şarköy,2017-09-24,2017-09-25,2,internal,0,4
Şarköy,2021-02-06,2021-02-07,2,internal,0,15
İpsala,2020-03-16,2020-03-17,2,internal,0,7
Çorlu,2019-06-17,2019-06-18,2,internal,0,3
Çorlu,2021-05-29,2021-05-30,2,internal,0,8
Havsa,2019-12-11,2019-12-12,2,internal,0,7
Enez,2019-10-28,2019-10-29,2,internal,0,1
Enez,2017-09-24,2017-09-25,2,internal,0,4
Ganos,2020-04-18,2020-04-19,2,internal,0,7
Marmara Ereğlisi,2020-12-02,2020-12-03,2,internal,0,8
Havsa,2017-09-24,2017-09-25,2,internal,0,4
İpsala,2022-12-03,2022-12-04,2,internal,0,7
İpsala,2019-06-17,2019-06-18,2,internal,0,7
Muratlı,2018-04-25,2018-04-26,2,internal,0,8
Uzunköprü,2020-03-16,2020-03-17,2,internal,0,7
Çerkezköy,2020-09-23,2020-09-24,2,internal,0,8
Çerkezköy,2022-02-26,2022-02-27,2,internal,0,7
Uzunköprü,2019-05-12,2019-05-13,2,internal,0,7
Çerkezköy,2023-01-14,2023-01-15,2,internal,0,8
Çerkezköy,2021-05-19,2021-05-20,2,internal,0,1
Çerkezköy,2022-12-03,2022-12-04,2,internal,0,1
Çerkezköy,2024-03-16,2024-03-17,2,internal,2,8
Saray,2018-04-07,2018-04-08,2,internal,0,8
Lalapaşa,2017-09-24,2017-09-25,2,internal,0,4
Lalapaşa,2020-01-15,2020-01-16,2,internal,0,8
Havsa,2020-09-13,2020-09-14,2,internal,0,8
Ganos,2022-03-27,2022-03-28,2,internal,0,1
Havsa,2017-10-31,2017-11-01,2,internal,0,8
Havsa,2018-09-30,2018-10-01,2,internal,0,8
Hayrabolu,2017-09-24,2017-09-25,2,internal,0,4
Malkara,2023-09-12,2023-09-13,2,internal,0,7
Uzunköprü,2019-06-17,2019-06-18,2,internal,0,7
Ganos,2018-08-12,2018-08-12,1,internal,0,1
Ganos,2022-02-10,2022-02-10,1,internal,0,7
Ganos,2018-07-31,2018-07-31,1,internal,0,6
Enez,2024-12-31,2024-12-31,1,trailing,1,8
Ganos,2018-08-15,2018-08-15,1,internal,0,1
Enez,2024-04-04,2024-04-04,1,internal,1,8
Malkara,2023-11-17,2023-11-17,1,internal,0,4
Malkara,2023-09-13,2023-09-13,1,internal,0,1
Malkara,2020-03-16,2020-03-16,1,internal,0,7
Hayrabolu,2024-12-31,2024-12-31,1,trailing,1,8
Keşan,2023-11-23,2023-11-23,1,internal,0,8
Lalapaşa,2019-12-29,2019-12-29,1,internal,0,8
Lalapaşa,2020-01-27,2020-01-27,1,internal,0,8
Lalapaşa,2024-12-31,2024-12-31,1,trailing,1,8
Ganos,2022-08-14,2022-08-14,1,internal,0,7
Ganos,2022-01-20,2022-01-20,1,internal,0,6
Ganos,2022-01-27,2022-01-27,1,internal,0,6
Havsa,2018-09-26,2018-09-26,1,internal,0,8
Havsa,2019-05-28,2019-05-28,1,internal,0,7
Havsa,2019-12-12,2019-12-12,1,internal,0,1
Havsa,2024-12-31,2024-12-31,1,trailing,1,8
Hayrabolu,2018-10-03,2018-10-03,1,internal,0,8
Ganos,2020-10-23,2020-10-23,1,internal,0,2
Muratlı,2023-09-29,2023-09-29,1,internal,0,8
Muratlı,2020-08-23,2020-08-23,1,internal,0,4
Saray,2017-08-24,2017-08-24,1,internal,0,8
Meriç,2017-10-07,2017-10-07,1,internal,0,7
Meriç,2019-09-21,2019-09-21,1,internal,0,7
Meriç,2023-12-30,2023-12-30,1,internal,0,7
Çerkezköy,2021-05-08,2021-05-08,1,internal,0,7
Uzunköprü,2022-07-09,2022-07-09,1,internal,0,8
Uzunköprü,2021-01-11,2021-01-11,1,internal,0,7
Uzunköprü,2020-03-17,2020-03-17,1,internal,0,1
Uzunköprü,2019-06-18,2019-06-18,1,internal,0,1
Saray,2019-01-01,2019-01-01,1,internal,0,8
Saray,2020-01-01,2020-01-01,1,internal,0,6
Saray,2024-09-03,2024-09-03,1,internal,1,8
Uzunköprü,2019-05-13,2019-05-13,1,internal,0,1
Çerkezköy,2023-12-13,2023-12-13,1,internal,0,8
Çerkezköy,2023-12-10,2023-12-10,1,internal,0,8
Çerkezköy,2023-02-01,2023-02-01,1,internal,0,7
Çerkezköy,2022-02-27,2022-02-27,1,internal,0,1
Uzunköprü,2023-06-07,2023-06-07,1,internal,0,8
Uzunköprü,2023-08-07,2023-08-07,1,internal,0,4
Çerkezköy,2020-06-28,2020-06-28,1,internal,0,7
Çorlu,2022-11-29,2022-11-29,1,internal,0,7
Çorlu,2019-06-18,2019-06-18,1,internal,0,1
Çorlu,2021-04-07,2021-04-07,1,internal,0,8
Çorlu,2024-02-29,2024-02-29,1,internal,1,8
Çorlu,2019-02-13,2019-02-13,1,internal,0,7
Çerkezköy,2024-12-29,2024-12-29,1,internal,1,8
Çorlu,2019-06-17,2019-06-17,1,internal,0,4
Çorlu,2017-10-30,2017-10-30,1,internal,0,8
Çorlu,2020-02-13,2020-02-13,1,internal,0,7
İpsala,2023-03-29,2023-03-29,1,internal,0,8
İpsala,2023-01-15,2023-01-15,1,internal,0,8
İpsala,2022-12-11,2022-12-11,1,internal,0,7
İpsala,2022-12-04,2022-12-04,1,internal,0,1
İpsala,2021-10-09,2021-10-09,1,internal,0,8
İpsala,2019-06-18,2019-06-18,1,internal,0,1
İpsala,2019-12-25,2019-12-25,1,internal,0,8
İpsala,2020-03-17,2020-03-17,1,internal,0,1
İpsala,2024-01-16,2024-01-16,1,internal,1,8
İpsala,2024-02-13,2024-02-13,1,internal,1,8
İpsala,2024-03-12,2024-03-12,1,internal,1,8
İpsala,2024-06-05,2024-06-05,1,internal,1,8
Şarköy,2021-02-07,2021-02-07,1,internal,0,3
Şarköy,2023-09-21,2023-09-21,1,internal,0,17
Şarköy,2023-09-22,2023-09-22,1,internal,0,1
Şarköy,2024-12-31,2024-12-31,1,trailing,1,17
