rung,outer_year,RMSE
a_persistence,2020,1.40927838760498
a_persistence,2021,1.3274491373010162
a_persistence,2022,1.3832362291934899
a_persistence,2023,1.360419699299359
a_persistence,2024,1.129365765802662
b_local_raw_wind,2020,1.1959137457703195
b_local_raw_wind,2021,1.0886530524660911
b_local_raw_wind,2022,1.1071756025249833
b_local_raw_wind,2023,1.1111560597214865
b_local_raw_wind,2024,1.0710521972926161
c_local_engineered,2020,1.1440068961089769
c_local_engineered,2021,1.0735364570051191
c_local_engineered,2022,1.0608671173885114
c_local_engineered,2023,1.079883129779051
c_local_engineered,2024,1.031396305661347
d_local_plus_ganos,2020,1.1326756739524997
d_local_plus_ganos,2021,1.0830153028891092
d_local_plus_ganos,2022,1.0538903772230306
d_local_plus_ganos,2023,1.096486810726426
d_local_plus_ganos,2024,1.0415016237268
e_plus_neighbour_raw,2020,1.069644416510793
e_plus_neighbour_raw,2021,1.0138535020148693
e_plus_neighbour_raw,2022,0.9890528967009091
e_plus_neighbour_raw,2023,1.0393777098304857
e_plus_neighbour_raw,2024,0.9369282569196442
f_full,2020,1.0690209512472502
f_full,2021,1.0197467338164778
f_full,2022,0.9863442097779155
f_full,2023,1.0274343518933102
f_full,2024,0.9530873723925382
x_neighbour_only,2020,1.0905735871341693
x_neighbour_only,2021,1.0446821572941227
x_neighbour_only,2022,1.023355836960187
x_neighbour_only,2023,1.0680579156828505
x_neighbour_only,2024,0.9877978377887884
x_physics_guided,2020,1.1799936331766272
x_physics_guided,2021,1.1126703229791999
x_physics_guided,2022,1.0865201607910164
x_physics_guided,2023,1.0813693925089791
x_physics_guided,2024,1.0396717771398454
