model,split,RMSE,MAE,R2,MaxAE,n
Persistence,Train,1.4049821623872276,1.0275908479138627,0.11324532240907703,7.299999999999999,2229
Seasonal-naive,Train,1.3317750218875175,1.0337371018393897,0.20324720159723442,7.5,2229
7-day moving average,Train,1.5070896081821068,1.1522653763165205,-0.020328499935791777,7.214285714285714,2229
LassoCV,Train,1.1401031370297459,0.8781346005025823,0.4160843055332747,6.333569171842089,2229
RidgeCV,Train,0.9506083366049124,0.7341037992718075,0.5940569556859818,4.513179006173589,2229
ElasticNetCV,Train,1.1178657066684592,0.8629388652245191,0.43864042640556344,6.208424609346797,2229
SVR,Train,0.7197373861325552,0.5075222618263264,0.7672927083369627,5.316903151855214,2229
Random Forest,Train,0.5552475603531265,0.4011997509083051,0.861504652246541,2.826205462560125,2229
LightGBM,Train,0.34666132994248233,0.24262059076994855,0.9460150548178105,2.288700246165334,2229
CatBoost,Train,0.7688231003793248,0.6147851051261837,0.7344693156573264,2.980166608244807,2229
XGBoost (50 trials),Train,0.35405383609231245,0.2789536630481602,0.9436880618070491,1.5407488346099854,2229
XGBoost (400 trials),Train,0.3935214375528807,0.31163343538238947,0.9304337394249896,1.54726333618164,2229
XGBoost (reduced set),Train,0.7172911975375548,0.5660303346027222,0.7688718358880708,2.8953378200531006,2229
LSTM,Train,0.6525342535263289,0.48012808830869624,0.8087204703555785,4.115496826171875,2229
Persistence,Validation,1.360419699299359,0.9766483516483516,0.07097615897311471,6.3999999999999995,364
Seasonal-naive,Validation,1.5071737408412338,1.1750274725274725,-0.1402699332136479,8.96,364
7-day moving average,Validation,1.4230143091878584,1.0810047095761381,-0.01648171211274896,9.142857142857142,364
LassoCV,Validation,1.1616604345526818,0.9260096233351491,0.32260898664831295,6.957984805940649,364
RidgeCV,Validation,1.1654947336155317,0.8879770570308069,0.3181298701283105,6.558653106746402,364
ElasticNetCV,Validation,1.1469578289560913,0.8987575623819813,0.33964733406768677,6.71844663516039,364
SVR,Validation,1.0897625531899182,0.7958673356084932,0.4038647592942233,7.297954840871539,364
Random Forest,Validation,1.053602870482275,0.8109881644937583,0.4427694410078886,5.237381229675743,364
LightGBM,Validation,1.0100148204571349,0.7695572957727804,0.4879215164934051,5.607202794823023,364
CatBoost,Validation,1.0463119413513307,0.802515974413014,0.4504548253082581,6.001724557553281,364
XGBoost (50 trials),Validation,1.0209590341367172,0.7704383636568928,0.47676393849318943,5.493361568450927,364
XGBoost (400 trials),Validation,1.0145261272118884,0.7839182120758098,0.4833368266685636,5.0870648384094235,364
XGBoost (reduced set),Validation,1.0818774092918673,0.8333903499356993,0.41246040454240507,5.8491168975830075,364
LSTM,Validation,1.0754251028448618,0.7986771563907245,0.4194476672149037,6.280771350860595,364
Persistence,Test,1.129365765802662,0.8337912087912088,0.2527305993343242,4.4,364
Seasonal-naive,Test,1.4605330705143358,1.131190476190476,-0.24977188721735244,5.357142857142857,364
7-day moving average,Test,1.290568196750652,0.9507064364207221,0.024179632613883673,5.771428571428572,364
LassoCV,Test,1.1076763716600126,0.8589589789991795,0.2811575022773115,4.885529856020581,364
RidgeCV,Test,1.1472352795367315,0.8882054507537669,0.22889601256741066,4.958387745741736,364
ElasticNetCV,Test,1.0760272380258908,0.8365686560078828,0.3216489662746007,4.6194253586789555,364
SVR,Test,1.0674837251119003,0.8219995413817924,0.33237823568465386,4.9127188429539705,364
Random Forest,Test,0.974056388821761,0.7488326930951127,0.4441262579735551,4.5551308176738114,364
LightGBM,Test,0.9659102297124443,0.7443631511037974,0.4533850665776362,4.460854245770609,364
CatBoost,Test,0.9705636265149783,0.7474411547965851,0.4481056043583107,4.5811392108916005,364
XGBoost (50 trials),Test,0.9600844346708519,0.7393567213645349,0.4599588931477864,4.543888378143311,364
XGBoost (400 trials),Test,0.9561574324977821,0.7428991242424473,0.4643676832946667,4.57711296081543,364
XGBoost (reduced set),Test,1.0031377983674916,0.7600490431864182,0.4104384511009528,4.918016481399537,364
LSTM,Test,1.1137476048433481,0.8487936085069574,0.27325587882548075,4.160390186309815,364
