rank,feature,predictor,group,perm_pct,perm_dRMSE,perm_sd,gain_pct,shap_pct,sign
1,mid_wind_speed,Şarköy mid wind speed,Şarköy wind statistics,12.345373736611974,0.0229490809294885,0.005700440925097318,7.296855341554165,6.139058,+
2,abs_max_speed_marmara_horizontal,|Marmara Ereğlisi max u|,station:marmara,0.8313287671797046,0.0015453749367214146,0.0029549227240242525,2.8253894366756804,2.93554,+
3,max_speed_marmara_horizontal,Marmara Ereğlisi max u,station:marmara,1.2252387408594676,0.002277622664313535,0.0016855626701697927,2.942674696267278,2.7659855,−
4,max_wind_speed,Şarköy max wind speed,Şarköy same-day/lagged wind,3.439738710618796,0.006394204317377668,0.0029124015754487375,2.5988746020165174,2.5549715,+
5,max_speed_enez_vertical,Enez max v,station:enez,6.04616561141177,0.011239347377381078,0.0022391490076420894,2.7593108269152467,1.9456224,−
6,square_max_speed_marmara_horizontal,(Marmara Ereğlisi max u)²,station:marmara,0.0,-3.676650197561212e-05,0.0017646592331629594,1.6173659167745151,1.8825891,+
7,abs_max_speed_enez_vertical,|Enez max v|,station:enez,4.004074144707111,0.007443259601128438,0.0034772381133214305,1.8479180095336112,1.8731316,+
8,mean_speed_hayrabolu_vertical,Hayrabolu mean v,station:hayrabolu,2.00898391513183,0.003734543436110971,0.0013458814199071416,1.224010900562537,1.2990177,−
9,square_max_speed_enez_vertical,(Enez max v)²,station:enez,1.7761815918194128,0.003301782187058999,0.0021569302973639846,1.7088283595649627,1.2764195,+
10,abs_max_speed_ipsala_vertical,|İpsala max v|,station:ipsala,2.880963531917303,0.005355485112030293,0.002008394436782992,0.9014433625659012,1.1370196,+
